name,concept_id,category,strength,dosage_form
Ear Wax Softener,85950,CERUMENOLYTICS,1.44mL,DROPS
Acetylsalicylic Acid,71617,ACIDâ€“BASE IMBALANCE,75mg,TAB
Adrenaline ,154365,ADRENERGIC DRUGS,1mg/mL,INJ
Formalin ,76636,ALDEHYDES,10%,SPRAY
Formalin ,76636,ALDEHYDES,10%,SOLUTION
Formalin ,76636,ALDEHYDES,20%,SOLUTION
Formalin ,76636,ALDEHYDES,37%,SOLUTION
Spirinolactone,84239,ALDOSTERONE RECEPTOR ANTAGONISTS,100mg,TAB
Naloxine ,80367,ALDOSTERONE RECEPTOR ANTAGONISTS,4mg/mL,INJ
Sterile lubricating jelly water soluble,154358,LUBRICANTS,2%,SOLUTION
Sulfasalazine (Sulphasalazine),84480,AMINOSALICYLATES,1g,TAB
Sulfasalazine (Sulphasalazine),84480,AMINOSALICYLATES,500mg,TAB
Bupivacaine hydrochloride/dextrose ,72506,ANAESTHETICS AND THEATRE DRUGS,0.5%+8%,INJ
Amethocaine ,84888,ANAESTHETICS AND THEATRE DRUGS,0.5%w/v,DROPS
Lidococaine INJECTION,78849,ANAESTHETICS AND THEATRE DRUGS,1% w/v.,INJ
Lidocaine and hydrocotrisone,777,ANAESTHETICS AND THEATRE DRUGS,10mg,CREAM
Midazolam ,79853,ANAESTHETICS AND THEATRE DRUGS,1mg/mL,INJ
Midazolam ,79853,ANAESTHETICS AND THEATRE DRUGS,2mg/mL,SYRUP
Lidocaine and hydrocotrisone,777,ANAESTHETICS AND THEATRE DRUGS,30mg,CREAM
Thiopental for IV,85015,ANAESTHETICS AND THEATRE DRUGS,500mg,PFI
Ketamine ,78468,ANAESTHETICS AND THEATRE DRUGS,5mg/mL,INJ
Midazolam ,79853,ANAESTHETICS AND THEATRE DRUGS,5mg/mL,INJ
Dihydrocodeine,74874,ANAESTHETICS AND THEATRE DRUGS,30,TAB
Fentanyl,76272,ANAESTHETICS AND THEATRE DRUGS,0.05mg/mL,INJ
Digoxin,74860,ANAESTHETICS AND THEATRE DRUGS,0.25mg,INJ
Halothane Inhalation,77343,ANAESTHETICS AND THEATRE DRUGS,100% v/v,INHALATION
Sevoflurane,83872,ANAESTHETICS AND THEATRE DRUGS,100% v/v,INHALATION
Isoflurane,78258,ANAESTHETICS AND THEATRE DRUGS,100mL,INHALATION
Propofol ,82726,ANAESTHETICS AND THEATRE DRUGS,10mg/mL,INJ
Morphine,80106,ANAESTHETICS AND THEATRE DRUGS,10mg/mL,INJ
Morphine,80106,ANAESTHETICS AND THEATRE DRUGS,10mg/mL,ORAL SOL
Midazolam,79853,ANAESTHETICS AND THEATRE DRUGS,1mg/1mL,INJ
Morphine,80106,ANAESTHETICS AND THEATRE DRUGS,1mg/mL,ORAL SOL
Remifentanil,83184,ANAESTHETICS AND THEATRE DRUGS,1mg/vial,INJ
Diazepam ,74745,ANAESTHETICS AND THEATRE DRUGS,2.5mg,RECTAL GEL
Lidocaine ,78849,ANAESTHETICS AND THEATRE DRUGS,20- 40mg/mL,INJ
Lidocaine ,78849,ANAESTHETICS AND THEATRE DRUGS,20mg/mL,INJ
Lidocaine with adrenaline,78850,ANAESTHETICS AND THEATRE DRUGS,20mg/mL +0.0125mg/mL,INJ
Isoflurane,78258,ANAESTHETICS AND THEATRE DRUGS,250mL,INHALATION
Diazepam ,74745,ANAESTHETICS AND THEATRE DRUGS,2mg,TAB
Midazolam,79853,ANAESTHETICS AND THEATRE DRUGS,2mg/mL,ORAL SYRUP
Codeine,73667,ANAESTHETICS AND THEATRE DRUGS,30mg,TAB
Diazepam ,74745,ANAESTHETICS AND THEATRE DRUGS,5mg,RECTAL GEL
Diazepam ,74745,ANAESTHETICS AND THEATRE DRUGS,5mg,TAB
Midazolam,79853,ANAESTHETICS AND THEATRE DRUGS,5mg/mL,INJ
THIOPENTAL SODIUM,85016,ANAESTHETICS AND THEATRE DRUGS,500mg,INJ
Ketamine ,78468,ANAESTHETICS AND THEATRE DRUGS,50mg/mL,INJ
Suxamethonium bromide,84582,ANAESTHETICS AND THEATRE DRUGS,50mg/mL,INJ
Suxamethonium chloride,84583,ANAESTHETICS AND THEATRE DRUGS,50mg/mL,INJ
Diazepam ,74745,ANAESTHETICS AND THEATRE DRUGS,5mg/mL,INJ
Bupivacaine ,72506,ANAESTHETICS AND THEATRE DRUGS,5mg/mL,INJ
Bupivacaine ,72506,ANAESTHETICS AND THEATRE DRUGS,5mg/mL+75mg/mL,INJ
Remifentanil,83184,ANAESTHETICS AND THEATRE DRUGS,5mg/vial,INJ
Medical air,81341,ANAESTHETICS AND THEATRE DRUGS,23l,GAS
Ephedrine ,75720,ANAESTHETICS AND THEATRE DRUGS,25mg/mL,INJ
Ephedrine ,75720,ANAESTHETICS AND THEATRE DRUGS,4.7mg/mL,INJ
Ephedrine ,75720,ANAESTHETICS AND THEATRE DRUGS,47mg/mL,INJ
Ephedrine ,75720,ANAESTHETICS AND THEATRE DRUGS,50mg/mL,INJ
Ephedrine ,75720,ANAESTHETICS AND THEATRE DRUGS,5mg/mL,INJ
Ephedrine ,75720,ANAESTHETICS AND THEATRE DRUGS,9.4mg/mL,INJ
Nitrous oxide,80719,ANAESTHETICS AND THEATRE DRUGS,992mL,GAS
Tramadol,85275,ANALGESICS AND ANTI INFLAMMATORY DRUGS,100mL,INJ
Tramadol ,85275,ANALGESICS AND ANTI INFLAMMATORY DRUGS,50mg/mL,INJ
Myospaz,103232,ANALGESICS AND ANTI INFLAMMATORY DRUGS,250mg,TAB
Myospaz,103232,ANALGESICS AND ANTI INFLAMMATORY DRUGS,500mg,TAB
Paracetamol ,70116,ANALGESICS AND ANTI INFLAMMATORY DRUGS,100mg,TAB
Paracetamol ,70116,ANALGESICS AND ANTI INFLAMMATORY DRUGS,10mg/mL,INFUSION
Paracetamol ,70116,ANALGESICS AND ANTI INFLAMMATORY DRUGS,120mg/5mL,ORAL SOL
Acetaminophen Suppostories ,70116,ANALGESICS AND ANTI INFLAMMATORY DRUGS,125mg,CAP
Paracetamol ,70116,ANALGESICS AND ANTI INFLAMMATORY DRUGS,125mg,SUPPOSITORIES
Paracetamol ,70116,ANALGESICS AND ANTI INFLAMMATORY DRUGS,250mg,SUPPOSITORIES
Paracetamol ,70116,ANALGESICS AND ANTI INFLAMMATORY DRUGS,500mg,TAB
Celecoxib,73048,ANALGESICS AND ANTI INFLAMMATORY DRUGS,100mg,CAP
Aceclofenac ,70102,ANALGESICS AND ANTI INFLAMMATORY DRUGS,100mg,TAB
Ibuprofen,77897,ANALGESICS AND ANTI INFLAMMATORY DRUGS,100mg/5mL,SUSPENSION
Ketorolac,78481,ANALGESICS AND ANTI INFLAMMATORY DRUGS,10mg,TAB
Meloxicam,79532,ANALGESICS AND ANTI INFLAMMATORY DRUGS,15mg,TAB
Kontab,72389,ANALGESICS AND ANTI INFLAMMATORY DRUGS,1mg,TAB
Nepafenac,80545,ANALGESICS AND ANTI INFLAMMATORY DRUGS,1mg/mL,SUSPENSION
Fluorometholone,76545,ANALGESICS AND ANTI INFLAMMATORY DRUGS,1mg/mL,SUSPENSION
Ketorolac,78481,ANALGESICS AND ANTI INFLAMMATORY DRUGS,1mL ,INJ
Ibuprofen,77897,ANALGESICS AND ANTI INFLAMMATORY DRUGS,200mg,TAB
Etodolac,76016,ANALGESICS AND ANTI INFLAMMATORY DRUGS,200mg,TAB
Mefenamic acid,79501,ANALGESICS AND ANTI INFLAMMATORY DRUGS,250mg,CAP
Indometacin,78010,ANALGESICS AND ANTI INFLAMMATORY DRUGS,25mg,CAP
Ketorolac,78481,ANALGESICS AND ANTI INFLAMMATORY DRUGS,30mg/mL,INJ
Ibuprofen,77897,ANALGESICS AND ANTI INFLAMMATORY DRUGS,400mg,TAB
Mefenamic acid,79501,ANALGESICS AND ANTI INFLAMMATORY DRUGS,500mg,CAP
Kontab,72389,ANALGESICS AND ANTI INFLAMMATORY DRUGS,50mg,TAB
Meloxicam,79532,ANALGESICS AND ANTI INFLAMMATORY DRUGS,7.5mg,TAB
Fluocinolone acetonide,76515,ANALGESICS AND ANTI INFLAMMATORY DRUGS,0.01%,CREAM
Fluocinolone acetonide,76515,ANALGESICS AND ANTI INFLAMMATORY DRUGS,0.01%,TOPICAL SOL
Fluocinolone acetonide,76515,ANALGESICS AND ANTI INFLAMMATORY DRUGS,0.01%,TOPICAL OIL
Fluocinolone acetonide,76515,ANALGESICS AND ANTI INFLAMMATORY DRUGS,0.01%,SHAMPOO
Fluocinolone acetonide,76515,ANALGESICS AND ANTI INFLAMMATORY DRUGS,0.03%,OINTMENT
Fluocinolone acetonide,76515,ANALGESICS AND ANTI INFLAMMATORY DRUGS,0.025 %,CREAM
Ketorolac ,78481,ANALGESICS AND ANTI INFLAMMATORY DRUGS,10mg,TAB
Ketorolac ,78481,ANALGESICS AND ANTI INFLAMMATORY DRUGS,15mg/mL,INJ
Mefenamic ,79501,ANALGESICS AND ANTI INFLAMMATORY DRUGS,250mg,TAB
Flamoryl S,73344,ANALGESICS AND ANTI INFLAMMATORY DRUGS,250mg,TAB
Ketorolac ,78481,ANALGESICS AND ANTI INFLAMMATORY DRUGS,30mg/mL,INJ
Flamoryl S,73344,ANALGESICS AND ANTI INFLAMMATORY DRUGS,325mg,TAB
Celecoxib,73048,ANALGESICS AND ANTI INFLAMMATORY DRUGS,50mg,CAP
Ketorolac ,78481,ANALGESICS AND ANTI INFLAMMATORY DRUGS,5mg/mL,ORAL
Flamoryl S,73344,ANALGESICS AND ANTI INFLAMMATORY DRUGS,50mg,TAB
Sumatriptan,84522,ANALGESICS AND ANTI INFLAMMATORY DRUGS (OPIOIDS),100mg,TAB
Pethidine /Meperidine ,79574,ANALGESICS AND ANTI INFLAMMATORY DRUGS (OPIOIDS),100mg/mL,INJ
Sumatriptan,84522,ANALGESICS AND ANTI INFLAMMATORY DRUGS (OPIOIDS),10mg,NASAL SPRAY
Rizatriptan,83419,ANALGESICS AND ANTI INFLAMMATORY DRUGS (OPIOIDS),10mg,TAB
Codeine ,73667,ANALGESICS AND ANTI INFLAMMATORY DRUGS (OPIOIDS),15mg,TAB
Sumatriptan,84522,ANALGESICS AND ANTI INFLAMMATORY DRUGS (OPIOIDS),20mg,NASAL SPRAY
Sumatriptan,84522,ANALGESICS AND ANTI INFLAMMATORY DRUGS (OPIOIDS),25mg,TAB
Codeine ,73667,ANALGESICS AND ANTI INFLAMMATORY DRUGS (OPIOIDS),30mg,TAB
Sumatriptan,84522,ANALGESICS AND ANTI INFLAMMATORY DRUGS (OPIOIDS),5mg,NASAL SPRAY
Sumatriptan,84522,ANALGESICS AND ANTI INFLAMMATORY DRUGS (OPIOIDS),50mg,TAB
Codeine ,73667,ANALGESICS AND ANTI INFLAMMATORY DRUGS (OPIOIDS),60mg,TAB
Sumatriptan,84522,ANALGESICS AND ANTI INFLAMMATORY DRUGS (OPIOIDS),6mg/0.5mL,SOLUTION
Diclofenac,74778,ANALGESICS AND ANTI INFLAMMATORY DRUGS (OPIOIDS),25mg,CAP
Ibuprofen/Paracetamol ,70116,ANALGESICS AND ANTI INFLAMMATORY DRUGS (OPIOIDS),325mg,TAB
Ibuprofen/Paracetamol ,70116,ANALGESICS AND ANTI INFLAMMATORY DRUGS (OPIOIDS),400mg,TAB
Diclofenac,74778,ANALGESICS AND ANTI INFLAMMATORY DRUGS (OPIOIDS),50mg,TAB
Allugel,70991,ANTACIDS,160/160mg/5mL,ORAL SUSPENSION
Relcer Gel ,83925,ANTACIDS,180mL,SYRUP
Ulgicid,83925,ANTACIDS,200mL,SUSPENSION
Omeprazole ,81041,ANTACIDS,20mg,TAB
Rabeprazole,83047,ANTACIDS,20mg,TAB
Lansoprazole,78657,ANTACIDS,30mg,TAB
Rabeprazole,83047,ANTACIDS,40mg,INJ
Omeprazole ,81041,ANTACIDS,40mg,PFR
Pantoprazole,81550,ANTACIDS,40mg,PFR
Pantoprazole,81550,ANTACIDS,40mg,TAB
Ranitidine ,83075,ANTACIDS,50mg/2mL,INJ
Esomeprazole,75875,ANTACIDS,40mg,CAP
Magnesium Trisilicate,79250,ANTACIDS,80mg/14.2mg,TAB
Antirabies ,79236,ANTACIDS,250mg/5mL,ORAL SOL
Oral Rehydration Salts,351,ANTI-DIARRHEAL DRUGS,1.5g,ORAL SOL
Ors,351,ANTI-DIARRHEAL DRUGS,100mL,SOLUTION
Oral Rehydration Salts,351,ANTI-DIARRHEAL DRUGS,13.5g/l,ORAL SOL
Oral Rehydration Salts,351,ANTI-DIARRHEAL DRUGS,2.6g,ORAL SOL
Oral Rehydration Salts,351,ANTI-DIARRHEAL DRUGS,2.9g,ORAL SOL
Zinc Sulphate,86688,ANTI-DIARRHEAL DRUGS,20mg,TAB
Loperamide,79037,ANTI-DIARRHEAL DRUGS,2mg,CAP
Metronidazole and diloxanide,104492,ANTI-DIARRHEAL DRUGS,400mg + 500mg,TAB
Low Osmolarity ors sachet,351,ANTI-DIARRHEAL DRUGS,750mL,ORAL
Tranexamic Acid IV,85286,ANTI-FIBRINOLYTICS,100mg/mL,INJ
Ketorolac eye drop,78481,ANTI-INFLAMMATORY AND ANTIPRURITIC MEDICINES,0.5%w/v,DROPS
Mometasone Furoate ,80050,ANTI-INFLAMMATORY AND ANTIPRURITIC MEDICINES,15mg,CREAM
Crotamiton ,74048,ANTI-INFLAMMATORY AND ANTIPRURITIC MEDICINES,10%,CREAM
Crotamiton/hydrocortisone ,104396,ANTI-INFLAMMATORY AND ANTIPRURITIC MEDICINES,10%+0.25%,CREAM
Calamine/zinc oxide,103986,ANTI-INFLAMMATORY AND ANTIPRURITIC MEDICINES,15%+5.0%,CREAM
Colchicine,73702,ANTI-RHEUMATIC DRUGS,0.5mg,TAB
Leflunomide,78718,ANTI-RHEUMATIC DRUGS,100mg,TAB
Leflunomide,78718,ANTI-RHEUMATIC DRUGS,10mg,TAB
Methotrexate,79700,ANTI-RHEUMATIC DRUGS,2.5mg,TAB
Hydroxychloroquine sulfate,77785,ANTI-RHEUMATIC DRUGS,200mg,TAB
Leflunomide,78718,ANTI-RHEUMATIC DRUGS,20mg,TAB
Celestamine,72120,ANTIALLERGIC DRUGS,0.67mg/5mL,SYRUP
Celestamine,72120,ANTIALLERGIC DRUGS,1.34mg,TAB
Celestamine,72120,ANTIALLERGIC DRUGS,2.68mg,TAB
Vitamin B 12 cyanocobalamine,86340,ANTIANAEMIC DRUGS,1000mcg,TAB
Vitamin B 12 cyanocobalamine,86340,ANTIANAEMIC DRUGS,1000mcg/mL,INJ
Hydroxocobalamin,77780,ANTIANAEMIC DRUGS,1000mcg/mL,INJ
Vitamin B 12 cyanocobalamine,86340,ANTIANAEMIC DRUGS,100mcg,TAB
Ranferon,1000442,ANTIANAEMIC DRUGS,100mg,CAP
Ranferon,1000442,ANTIANAEMIC DRUGS,10mg,CAP
Folic acid,76613,ANTIANAEMIC DRUGS,1mg,TAB
Ranferon,1000442,ANTIANAEMIC DRUGS,2.5mg,CAP
Ferrous sulfate,76342,ANTIANAEMIC DRUGS,200mg,ORAL SOL
Vitamin B 12 cyanocobalamine,86340,ANTIANAEMIC DRUGS,250mcg,TAB
Ferrous sulfate,76342,ANTIANAEMIC DRUGS,25mg/mL,TAB
Ranferon,1000442,ANTIANAEMIC DRUGS,300mg,CAP
Vitamin B 12 cyanocobalamine,86340,ANTIANAEMIC DRUGS,500mcg,TAB
Oxymetholone,81347,ANTIANAEMIC DRUGS,50mg,TAB
Folic acid,76613,ANTIANAEMIC DRUGS,5mg,TAB
Bromazepam,72385,ANTIANXIETY DRUGS,3mg,TAB
Bisoprolol,72247,ANTIARRHYTHMICS DRUGS,5mg,TAB
Lignocaine(Lidocaine),78849,ANTIARRHYTHMICS DRUGS,1%,INFUSION
Lignocaine(Lidocaine),78849,ANTIARRHYTHMICS DRUGS,1%,INj
Lignocaine(Lidocaine),78849,ANTIARRHYTHMICS DRUGS,2%,INFUSION
Lignocaine(Lidocaine),78849,ANTIARRHYTHMICS DRUGS,4%,INFUSION
Lignocaine(Lidocaine),78849,ANTIARRHYTHMICS DRUGS,8%,INFUSION
Siodium cromoglycate,104395,ANTIASTHMATIC DRUGS,100mg/mL,INHALATION
Montelukast,80091,ANTIASTHMATIC DRUGS,10mg,TAB
Aminophyline ,71101,ANTIASTHMATIC DRUGS,25mg/mL,INJ
Ascoril,1000436,ANTIASTHMATIC DRUGS,667mg,CAP
Ventolin Rotacap ,798,ANTIASTHMATIC DRUGS,200mg,CAP
Beclometasone + Sabutamol inhaler(oculast),71916,ANTIASTHMATIC DRUGS,40mcg,INHALATION
Flucloxacillin ,76464,ANTIBACTERIAL DRUGS,125mg/5mL,PFR ORAL
Flucloxacillin ,76464,ANTIBACTERIAL DRUGS,250mg,CAP
cotrimoxazole paediatric ,105281,ANTIBACTERIAL DRUGS,40mg+200mg/5mL,ORAL SOL
Flucloxacillin ,76464,ANTIBACTERIAL DRUGS,500mg,CAP
Flucloxacillin ,76464,ANTIBACTERIAL DRUGS,500mg,PFR
Tinidazole,85151,ANTIBACTERIAL DRUGS,500mg,TAB
Benzylpenicillin sodium (Penicillin G),81725,ANTIBACTERIAL DRUGS ,1000IU (1mg),INJ
Doxycycline ,75222,ANTIBACTERIAL DRUGS ,100mg,CAP
Minocycline,79944,ANTIBACTERIAL DRUGS ,100mg,CAP
Silver Sulfadiazine ,83920,ANTIBACTERIAL DRUGS ,100mg,CREAM
Amikacin,71060,ANTIBACTERIAL DRUGS ,100mg,INJ
Cefpodoxime,73028,ANTIBACTERIAL DRUGS ,100mg,TAB
Nitrofurantoin,80696,ANTIBACTERIAL DRUGS ,100mg,TAB
Linezolid,78879,ANTIBACTERIAL DRUGS ,100mg/5mL,SUSPENSION
Cefixime,73006,ANTIBACTERIAL DRUGS ,100mg/5mL,ORAL SOL
Gentamicine ,100,ANTIBACTERIAL DRUGS ,10mg/mL,INJ
Amikacin,71060,ANTIBACTERIAL DRUGS ,125mg,INJ
Amoxicillin,71160,ANTIBACTERIAL DRUGS ,125mg/5mL,PFR
Erythromycin ,75842,ANTIBACTERIAL DRUGS ,125mg/mL,INJ
Clindamycin ,73546,ANTIBACTERIAL DRUGS ,150mg,CAP
Clindamycin ,73546,ANTIBACTERIAL DRUGS ,150mg/mL,INJ
Co-trimoxazole,105281,ANTIBACTERIAL DRUGS ,160mg,TAB
Cefixime,73006,ANTIBACTERIAL DRUGS ,200mg,TAB
Azithromycin,71780,ANTIBACTERIAL DRUGS ,200mg/5mL,ORAL SUSPENSION
Co-trimoxazole,105281,ANTIBACTERIAL DRUGS ,200mg/5mL,ORAL SUSPENSION
Amoxicillin/Clavulanic Acid,450,ANTIBACTERIAL DRUGS ,228.5mg/5mL,PFR
Amoxicillin/Clavulanic Acid,450,ANTIBACTERIAL DRUGS ,228.5mg/5mL,PFR
Cotrimoxazole,105281,ANTIBACTERIAL DRUGS ,240mg/5mL,SUSPENSION
Cefadroxil CAP,72990,ANTIBACTERIAL DRUGS ,250mg,CAP
Azithromycin,71780,ANTIBACTERIAL DRUGS ,250mg,TAB
Cefuroxime,73043,ANTIBACTERIAL DRUGS ,250mg,TAB
Erythromycin ,75842,ANTIBACTERIAL DRUGS ,250mg,TAB
Cefuroxime,73043,ANTIBACTERIAL DRUGS ,250mg/5mL,ORAL SOL
Cefadroxil CAP,72990,ANTIBACTERIAL DRUGS ,250mg/5mL,ORAL SUSPENSION
Ceftazidime ,73034,ANTIBACTERIAL DRUGS ,250mg/1g,INJ
Cefuroxime,73043,ANTIBACTERIAL DRUGS ,250mg/750mg,INJ
Ampicillin/cloxacillin,294,ANTIBACTERIAL DRUGS ,250mg,CAP
Amoxicillin,71160,ANTIBACTERIAL DRUGS ,250mg,CAP
Ampicillin/cloxacillin,294,ANTIBACTERIAL DRUGS ,250mg,PFR
Amoxicillin,71160,ANTIBACTERIAL DRUGS ,250mg,TAB
Ciprofloxacin,73449,ANTIBACTERIAL DRUGS ,250mg,TAB
Levofloxacin,78788,ANTIBACTERIAL DRUGS ,250mg,TAB
Phenoxymethylpenicillin (Penicillin V),81730,ANTIBACTERIAL DRUGS ,250mg,TAB
Ceftriaxone,73041,ANTIBACTERIAL DRUGS ,250mg/500mg/1gm,INJ
Ciprofloxacin,73449,ANTIBACTERIAL DRUGS ,2mg/mL,INJ
Linezolid,78879,ANTIBACTERIAL DRUGS ,2mg/mL,INJ
Clindamycin ,73546,ANTIBACTERIAL DRUGS ,300mg,CAP
Gentamicine ,100,ANTIBACTERIAL DRUGS ,40mg/mL,INJ
Cefixime,73006,ANTIBACTERIAL DRUGS ,400mg,TAB
Co-trimoxazole,105281,ANTIBACTERIAL DRUGS ,40mg,TAB
Co-trimoxazole,105281,ANTIBACTERIAL DRUGS ,40mg/5mL,ORAL SUSPENSION
Piperacillin with Tazobactam,105177,ANTIBACTERIAL DRUGS ,4g + 500mg/4.5g vial,INJ
Levofloxacin,78788,ANTIBACTERIAL DRUGS ,5mg/mL,INFUSION
Amoxicillin,71160,ANTIBACTERIAL DRUGS ,500mg,CAP
Amoxicillin,71160,ANTIBACTERIAL DRUGS ,500mg,TAB
Azithromycin,71780,ANTIBACTERIAL DRUGS ,500mg,TAB
Erythromycin ,75842,ANTIBACTERIAL DRUGS ,500mg,TAB
Vancomycin,86082,ANTIBACTERIAL DRUGS ,500mg vial,INFUSION
Benzylpenicillin sodium (Penicillin G),81725,ANTIBACTERIAL DRUGS ,5000IU (5mg),INJ
Meropenem,79611,ANTIBACTERIAL DRUGS ,500m/1gm,INJ
Ampicillin/cloxacillin,294,ANTIBACTERIAL DRUGS ,500mg,CAP
Cefadroxil CAP,72990,ANTIBACTERIAL DRUGS ,500MG,CAP
Cefuroxime,73043,ANTIBACTERIAL DRUGS ,500mg,TAB
Ciprofloxacin,73449,ANTIBACTERIAL DRUGS ,500mg,TAB
Levofloxacin,78788,ANTIBACTERIAL DRUGS ,500mg,TAB
Lincomycin ,78873,ANTIBACTERIAL DRUGS ,500mg,TAB
Cefotaxime,73081,ANTIBACTERIAL DRUGS ,500mg/1gm/2gm/10gm,INFUSION
Azithromycin,71780,ANTIBACTERIAL DRUGS ,500mg/2.5gm,PFR
Amikacin,71060,ANTIBACTERIAL DRUGS ,500mg/2mL,INJ
Minocycline,79944,ANTIBACTERIAL DRUGS ,50mg,CAP
Azithromycin,71780,ANTIBACTERIAL DRUGS ,600mg,TAB
INJq,78879,ANTIBACTERIAL DRUGS ,600mg,TAB
Clindamycin ,73546,ANTIBACTERIAL DRUGS ,75mg,CAP
Clindamycin ,73546,ANTIBACTERIAL DRUGS ,75mg/ 5mL,ORAL SOL
Co-trimoxazole,105281,ANTIBACTERIAL DRUGS ,800mg,TAB
Co-trimoxazole,105281,ANTIBACTERIAL DRUGS ,80mg,TAB
Co-trimoxazole,105281,ANTIBACTERIAL DRUGS ,80mg + 16mg/mL,INJ
Ampicillin/cloxacillin,294,ANTIBACTERIAL DRUGS ,90mg/0.6mL,DROPS
Ciprofloxacin ophthalmic,73449,ANTIBACTERIAL DRUGS ,0.30%,EYE DROP
Cephalexin ,73087,ANTIBACTERIAL DRUGS ,250mg,TAB
Cephalexin ,73087,ANTIBACTERIAL DRUGS ,250mg,CAP
Cephalexin ,73087,ANTIBACTERIAL DRUGS ,500mg,CAP
Cephalexin ,73087,ANTIBACTERIAL DRUGS ,750mg,CAP
Tobramycin,85185,ANTIBACTERIAL DRUGS ,1.2g,SOL
Ciprofloxacin,73449,ANTIBACTERIAL DRUGS ,1000mg,TAB
Ciprofloxacin,73449,ANTIBACTERIAL DRUGS ,100mg,TAB
Tobramycin,85185,ANTIBACTERIAL DRUGS ,10mg/mL,INJ
Fusidic acid,76739,ANTIBACTERIAL DRUGS ,10mL,SUSPENSION
Cephalexin ,73087,ANTIBACTERIAL DRUGS ,125mg/5mL,ORAL SOL
Penicillin,81724,ANTIBACTERIAL DRUGS ,125mg/5mL,ORAL SOL
Cefprozil,73030,ANTIBACTERIAL DRUGS ,125mg/5mL,SUSPENSION
Fusidic acid,76739,ANTIBACTERIAL DRUGS ,15mL,SUSPENSION
Auromitaz,73034,ANTIBACTERIAL DRUGS ,1gm,INJ
Fusidic acid,76739,ANTIBACTERIAL DRUGS ,1mL/KG,SUSPENSION
Benzathine Penicillin ,72039,ANTIBACTERIAL DRUGS ,2.4mu,INJ
Ofloxacin,81022,ANTIBACTERIAL DRUGS ,200mg,TAB
Ciprofloxacin,73449,ANTIBACTERIAL DRUGS ,200mg/100mL,INFUSION
Ciprofloxacin,73449,ANTIBACTERIAL DRUGS ,200mg/20mL,INFUSION
Fusidic acid,76739,ANTIBACTERIAL DRUGS ,20mL/KG,INJ
Cephalexin ,73087,ANTIBACTERIAL DRUGS ,250mg/mL,ORAL SOL
Ciprofloxacin,73449,ANTIBACTERIAL DRUGS ,250mg,TAB
Cloxacillin ,73628,ANTIBACTERIAL DRUGS ,250mg,CAP
Penicillin,81724,ANTIBACTERIAL DRUGS ,250mg,TAB
Amoxicillin Dt,71160,ANTIBACTERIAL DRUGS ,250mg,TAB
Ciprofloxacin,73449,ANTIBACTERIAL DRUGS ,250mg/5mL,ORAL SUSPENSION
Penicillin,81724,ANTIBACTERIAL DRUGS ,250mg/5mL,ORAL SOL
Cefprozil,73030,ANTIBACTERIAL DRUGS ,250mg/5mL,SUSPENSION
Ecnidazole,83751,ANTIBACTERIAL DRUGS ,2g,ORAL
Cefepime,73003,ANTIBACTERIAL DRUGS ,2g/100mL,INJ
Ofloxacin,81022,ANTIBACTERIAL DRUGS ,300mg,TAB
Ofloxacin,81022,ANTIBACTERIAL DRUGS ,400mg,TAB
Ciprofloxacin,73449,ANTIBACTERIAL DRUGS ,400mg/200mL,INFUSION
Ciprofloxacin,73449,ANTIBACTERIAL DRUGS ,400mg/40mL,INFUSION
Tobramycin,85185,ANTIBACTERIAL DRUGS ,40mg/mL,INJ
Gentamycin,100,ANTIBACTERIAL DRUGS ,40mg/mL,INJ
Cephalexin ,73087,ANTIBACTERIAL DRUGS ,500mg,TAB
Ciprofloxacin,73449,ANTIBACTERIAL DRUGS ,500mg,TAB
Cloxacillin ,73628,ANTIBACTERIAL DRUGS ,500mg,CAP
Fusidic acid,76739,ANTIBACTERIAL DRUGS ,500MG,TAB
Flucoxacillin ,76464,ANTIBACTERIAL DRUGS ,500mg,CAP
Flucoxacillin ,76464,ANTIBACTERIAL DRUGS ,500mg,INJ
Penicillin,81724,ANTIBACTERIAL DRUGS ,500mg,TAB
Clarithromycin ,73498,ANTIBACTERIAL DRUGS ,500mg,TAB
Ciprofloxacin,73449,ANTIBACTERIAL DRUGS ,500mg/5mL,ORAL SUSPENSION
Fusidic acid,76739,ANTIBACTERIAL DRUGS ,500mL,INJ
Fusidic acid,76739,ANTIBACTERIAL DRUGS ,5mL,SUSPENSION
Ciprofloxacin,73449,ANTIBACTERIAL DRUGS ,750mg,TAB
Silver Sulfadicine ,83920,ANTIBIOTICS,0.01,CREAM
Benzyl Penicillne Inj,72077,ANTIBIOTICS,1 MIU,PFI
Carbamezapine,72822,ANTIBIOTICS,100mg,CAP
Doxycicline,75222,ANTIBIOTICS,100mg,CAP
Carbamezapine,72822,ANTIBIOTICS,100mg,TAB
Doxycicline,75222,ANTIBIOTICS,100mg,TAB
Carbamezapine,72822,ANTIBIOTICS,100mg/5mL,ORAL SUSPENSION
Gentamicine,100,ANTIBIOTICS,10mg/mL,INJ
Carbamezapine,72822,ANTIBIOTICS,10mg/mL,VIAL
Doxycicline,75222,ANTIBIOTICS,150mg,CAP
Doxycicline,75222,ANTIBIOTICS,150mg,CAP
Roxithromycin,83546,ANTIBIOTICS,150mg,TAB
Cephtriaxon ,73041,ANTIBIOTICS,1g/50mL,INJ
Carbamezapine,72822,ANTIBIOTICS,200mg,CAP
Carbamezapine,72822,ANTIBIOTICS,200mg,TAB
Augmentin Syrup,450,ANTIBIOTICS,200mg/5mL,SYRUP
Doxycicline,75222,ANTIBIOTICS,20mg,TAB
Cefuroxime axetil,73044,ANTIBIOTICS,250mg,TAB
Ampiclox ,294,ANTIBIOTICS,250mg/5mL,SUSPENSION
Doxycicline,75222,ANTIBIOTICS,25mg/5mL,ORAL SUSPENSION
Cephtriaxon ,73041,ANTIBIOTICS,2g/50mL,INJ
Carbamezapine,72822,ANTIBIOTICS,300mg,CAP
Roxithromycin,83546,ANTIBIOTICS,300mg,TAB
Carbamezapine,72822,ANTIBIOTICS,400mg,TAB
Gentamicine,100,ANTIBIOTICS,40mg/mL,INJ
Benzyl Penicillne Inj,72077,ANTIBIOTICS,5 MIU,PFI
Ampiclox,294,ANTIBIOTICS,500mg,CAP
Flucloxacillin ,76464,ANTIBIOTICS,500mg vial,INJ
Doxycicline,75222,ANTIBIOTICS,50mg,CAP
Doxycicline,75222,ANTIBIOTICS,50mg,TAB
Doxycicline,75222,ANTIBIOTICS,50mg/5mL,SYRUP
Doxycicline,75222,ANTIBIOTICS,75mg,CAP
Doxycicline,75222,ANTIBIOTICS,75mg,TAB
Ampiclox Neonatal,294,ANTIBIOTICS,90mg/0.6mL,ORAL
Multi-Vitamin,461,ANTIBIOTICS,461,TAB
Nitrofuratoin ,80696,ANTIBIOTICS,100mg,CAP
Ampiclox,294,ANTIBIOTICS,100mL,SUSPENSION
Silver Sulfadiazine 1%+Chlorhexidine Gluconate Cream,73265,ANTIBIOTICS,250mg,CREAM
Maxitrol,104425,ANTIBIOTICS,3500iu/6000in/0.1%,DROPS
H. Pylori Kit Lansoprazole/Amoxicillin/Clarithromycin,73498,ANTIBIOTICS,500/1/30mg,CAP
Nalidixic Acid ,80363,ANTIBIOTICS,500mg,TAB
Chloramphenicol,73239,ANTIBIOTICS,1000mg/vial,INJ
Co-Amoxiclav,450,ANTIBIOTICS,125mg,TAB
H Pylori,73498,ANTIBIOTICS,20mg/500mg/1000mg,TAB
Ciprofloxacillin ,1000438,ANTIBIOTICS,250mg,TAB
Amoxyclav ,450,ANTIBIOTICS,250mg/125mg,TAB
Ofloxacin,81022,ANTIBIOTICS,3mg/mL,EYE DROP
Triaxones,73042,ANTIBIOTICS,400mg,INJ
Moxifloxacin,80133,ANTIBIOTICS,400mg,TAB
Moxifloxacin,80133,ANTIBIOTICS,400mg/250mL,INJ
Co-Amoxiclav,450,ANTIBIOTICS,500mg,TAB
Amoxyclav ,450,ANTIBIOTICS,500mg/125mg,TAB
Norfloxacin,80792,ANTIBIOTICS,800mg,TAB
Amoxyclav ,450,ANTIBIOTICS,875mg/125mg,TAB
Tetracycline Eye Ointment,84893,ANTIBIOTICS,0.10%,OINTMENT
Unasyn / Sulbactam,103572,ANTIBIOTICS,1.5g,PFS
Unasyn,103572,ANTIBIOTICS,1.5gm,INFUSION
Ruben Cream,83925,ANTIBIOTICS,1/0.1/5/100%W/W,CREAM
Betapyn,82384,ANTIBIOTICS,10mg,TAB
Unasyn / Sulbactam,103572,ANTIBIOTICS,15g,PFS
Unasyn / Sulbactam,103572,ANTIBIOTICS,3g,PFS
Betapyn,82384,ANTIBIOTICS,450mg,TAB
H.Pylori Kit 14 Pack,73498,ANTIBIOTICS,500mg + 250mg + 30mg,TAB
Betapyn,82384,ANTIBIOTICS,50mg,TAB
Betapyn,82384,ANTIBIOTICS,5mg,TAB
Sodium Chromoglycate 0.2% ,74044,ANTIBIOTICS,0.20%,EYE DROP
Tetracycline,84893,ANTIBIOTICS,250mg,TAB
Seconidazole,83751,ANTIBIOTICS,2g,ORAL
Dexamethasone /Neomycin,104424,ANTIBIOTICS,3.5mg,OINTMENT
Rivaroxaban,83417,ANTICOAGULANTS AND HEMOSTATICS DRUGS,15mg,TAB
Hemolok SOLUTION,76336,ANTICOAGULANTS AND HEMOSTATICS DRUGS,0.01,SOLUTION
Enoxaparin ,75687,ANTICOAGULANTS AND HEMOSTATICS DRUGS,100mg,INJ
Heparin ,77413,ANTICOAGULANTS AND HEMOSTATICS DRUGS,5000 IU/5mL VIAL,INJ
Etamsylate,75952,ANTICOAGULANTS AND HEMOSTATICS DRUGS,500mg,TAB
Phenytoin,82023,ANTICONVULSANTS AND DRUGS FOR TRIGEMINAL NEURALGIA,100mg,TAB
Phenobarbitone ,81951,ANTICONVULSANTS AND DRUGS FOR TRIGEMINAL NEURALGIA,15mg/mL,INJ
Phenobarbitone ,81951,ANTICONVULSANTS AND DRUGS FOR TRIGEMINAL NEURALGIA,200mg,TAB
Phenobarbital Sodium Bp INJECTION,81953,ANTICONVULSANTS AND DRUGS FOR TRIGEMINAL NEURALGIA,200mg/mL,INJ
Phenytoin,82023,ANTICONVULSANTS AND DRUGS FOR TRIGEMINAL NEURALGIA,25mg,CAP
Phenytoin,82023,ANTICONVULSANTS AND DRUGS FOR TRIGEMINAL NEURALGIA,25mg/mL,ORAL SUSPENSION
Gabapentin,76750,ANTICONVULSANTS AND DRUGS FOR TRIGEMINAL NEURALGIA,300mg,TAB
Phenobarbitone ,81951,ANTICONVULSANTS AND DRUGS FOR TRIGEMINAL NEURALGIA,400mg,TAB
Phenytoin,82023,ANTICONVULSANTS AND DRUGS FOR TRIGEMINAL NEURALGIA,50mg,TAB
Phenytoin,82023,ANTICONVULSANTS AND DRUGS FOR TRIGEMINAL NEURALGIA,50mg/mL,INJ
Phenytoin Sodium ,82024,ANTICONVULSANTS AND DRUGS FOR TRIGEMINAL NEURALGIA,100mg,INJ
Pregabalin ,82464,ANTICONVULSANTS AND DRUGS FOR TRIGEMINAL NEURALGIA,150mg,CAP
Phenobarbitone /Phenobarbital ,81951,ANTICONVULSANTS AND DRUGS FOR TRIGEMINAL NEURALGIA,100mg,TAB
Phenobarbitone /Phenobarbital ,81951,ANTICONVULSANTS AND DRUGS FOR TRIGEMINAL NEURALGIA,130mg/mL,INJ
Phenobarbitone /Phenobarbital ,81951,ANTICONVULSANTS AND DRUGS FOR TRIGEMINAL NEURALGIA,15mg,TAB
Phenobarbitone /Phenobarbital ,81951,ANTICONVULSANTS AND DRUGS FOR TRIGEMINAL NEURALGIA,30mg,TAB
Phenobarbitone /Phenobarbital ,81951,ANTICONVULSANTS AND DRUGS FOR TRIGEMINAL NEURALGIA,60mg,TAB
Phenobarbitone /Phenobarbital ,81951,ANTICONVULSANTS AND DRUGS FOR TRIGEMINAL NEURALGIA,65mg/mL,INJ
Sertraline ,83865,ANTIDEPRESSANTS,100mg,TAB
Amitriptlyne,931,ANTIDEPRESSANTS,100mg,TAB
Amitriptlyne,931,ANTIDEPRESSANTS,10mg,TAB
Amitriptlyne,931,ANTIDEPRESSANTS,150mg,TAB
Amitriptlyne,931,ANTIDEPRESSANTS,25mg,TAB
Amitriptlyne,931,ANTIDEPRESSANTS,50mg,TAB
Amitriptlyne,931,ANTIDEPRESSANTS,75mg,TAB
Risperidone,83405,ANTIDEPRESSANTS,0.5mg,TAB
Quetiapine,82990,ANTIDEPRESSANTS,100mg,TAB
Chlorpromazine ,73330,ANTIDEPRESSANTS,100mg,TAB
Amitriptlyne,931,ANTIDEPRESSANTS,100mg,TAB
Fluoxetine,76552,ANTIDEPRESSANTS,10mg,CAP
Fluoxetine,76552,ANTIDEPRESSANTS,10mg,TAB
Escitalopram,75861,ANTIDEPRESSANTS,10mg,TAB
Amitriptlyne,931,ANTIDEPRESSANTS,10mg,TAB
Amitriptlyne,931,ANTIDEPRESSANTS,150mg,TAB
Carbamazepine,72822,ANTIDEPRESSANTS,200mg,TAB
Fluoxetine,76552,ANTIDEPRESSANTS,20mg,CAP
Escitalopram,75861,ANTIDEPRESSANTS,20mg,TAB
Fluoxetine,76552,ANTIDEPRESSANTS,20mg,TAB
Fluoxetine,76552,ANTIDEPRESSANTS,20mg/5mL,ORAL SOL
Sertraline ,83865,ANTIDEPRESSANTS,20mg/mL,ORAL CONC
Quetiapine,82990,ANTIDEPRESSANTS,25mg,TAB
Sertraline ,83865,ANTIDEPRESSANTS,25mg,TAB
Amitriptlyne,931,ANTIDEPRESSANTS,25mg,TAB
Amitryptilline hydrochloride,931,ANTIDEPRESSANTS,25mg/5mL,ORAL SOL
Chlorpromazine ,73330,ANTIDEPRESSANTS,25mg/mL,INJ
Risperidone,83405,ANTIDEPRESSANTS,2mg,TAB
Fluoxetine,76552,ANTIDEPRESSANTS,40mg,CAP
Escitalopram,75861,ANTIDEPRESSANTS,5mg,TAB
Escitalopram,75861,ANTIDEPRESSANTS,5mg/5mL,ORAL SOL
Quetiapine,82990,ANTIDEPRESSANTS,50mg,TAB
Sertraline ,83865,ANTIDEPRESSANTS,50mg,TAB
Amitriptlyne,931,ANTIDEPRESSANTS,50mg,TAB
Amitryptilline hydrochloride,931,ANTIDEPRESSANTS,50mg/5mL,ORAL SOL
Haloperidol Decanoate ,77336,ANTIDEPRESSANTS,50mg/mL,INJ
Haloperidol ,77335,ANTIDEPRESSANTS,5mg,TAB
Fluoxetine,76552,ANTIDEPRESSANTS,60mg,TAB
Amitriptlyne,931,ANTIDEPRESSANTS,75mg,TAB
Trihexyphenidyl hydrochloride,85464,ANTIDEPRESSANTS,0.4mg/mL,TAB
Amitryptlline ,931,ANTIDEPRESSANTS,10mg,TAB
Mirtazapine,79982,ANTIDEPRESSANTS,15mg,TAB
Duloxetine,75300,ANTIDEPRESSANTS,20mg,CAP
Amitryptlline ,931,ANTIDEPRESSANTS,25mg,TAB
Trihexyphenidyl hydrochloride,85464,ANTIDEPRESSANTS,2mg,TAB
Duloxetine,75300,ANTIDEPRESSANTS,30mg,CAP
Mirtazapine,79982,ANTIDEPRESSANTS,30mg,TAB
Duloxetine,75300,ANTIDEPRESSANTS,40mg,CAP
Mirtazapine,79982,ANTIDEPRESSANTS,45mg,TAB
Amitryptlline ,931,ANTIDEPRESSANTS,50mg,TAB
Zuclopenthixol decanoate/accuphase,86769,ANTIDEPRESSANTS,50mg/mL,INJ
Trihexyphenidyl hydrochloride,85464,ANTIDEPRESSANTS,5mg,TAB
Duloxetine,75300,ANTIDEPRESSANTS,60mg,CAP
Mirtazapine,79982,ANTIDEPRESSANTS,7.5mg,TAB
Amitryptlline ,931,ANTIDEPRESSANTS,70mg,TAB
Insulin(mixtrad Inj),78056,ANTIDIABETICS,1.0iu,INJ
Glibeclamide,77071,ANTIDIABETICS,1.25mg,TAB
INSULIN BIPHASIC,78056,ANTIDIABETICS,1000ui vial,INJ
Soluble Insulin ,78056,ANTIDIABETICS,10mL,VIAL
Glibeclamide,77071,ANTIDIABETICS,2.5mg,TAB
Soluble Insulin ,78056,ANTIDIABETICS,20mL,VIAL
Soluble Insulin ,78056,ANTIDIABETICS,3mL,VIAL
Glibeclamide,77071,ANTIDIABETICS,5mg,TAB
Glibeclamide,77071,ANTIDIABETICS,5mg,TAB
Mixtard,104914,ANTIDIABETICS,3mL,INJ
Dextrose 50%,161250,ANTIDIABETICS,5%,INJ
Metformin HCL,79652,ANTIDIABETICS,1000mg,TAB
Chlorpropamide ,73332,ANTIDIABETICS,100mg,TAB
Lantus Insulin (Insulin Glargine),78064,ANTIDIABETICS,100Units/mL,INJ
Insulin (Actrapid) ,78056,ANTIDIABETICS,10mL,INJ
Insulin detemir,78057,ANTIDIABETICS,10mL VIAL,INJ
Insulin glargine,78064,ANTIDIABETICS,10mL VIAL,INJ
Soluble insuIlin ,78056,ANTIDIABETICS,10mL vial,INJ
Glimepiride,77031,ANTIDIABETICS,1mg,TAB
Atorvastatin ,71665,ANTIDIABETICS,20mg,TAB
Chlorpropamide ,73332,ANTIDIABETICS,250mg,TAB
Soluble insuIlin ,78056,ANTIDIABETICS,3mL vial,INJ
Gliclazide,77029,ANTIDIABETICS,40mg,TAB
Metformin HCL,79652,ANTIDIABETICS,500mg,TAB
Glibenclamide,77071,ANTIDIABETICS,5mg,TAB
Insulin Mixtard 70/30,104914,ANTIDIABETICS,70/30 10mL,INJ
Gliclazide,77029,ANTIDIABETICS,80mg,TAB
Metformin HCL,79652,ANTIDIABETICS,850mg,TAB
Pioglitazone ,82111,ANTIDIABETICS,30mg,TAB
Naloxone Hcl ,80367,ANTIDOTES,0.4mg/mL,SPRAY
calcium chloride,72662,ANTIDOTES,10%w/v,INFUSION
Ethanol,75953,ANTIDOTES,40%v/v,ORAL
Ethanol,75953,ANTIDOTES,43%v/v,ORAL
Ethanol,75953,ANTIDOTES,95%v/v,ORAL
Flumazenil,76500,ANTIDOTES,0.1mg/mL,INJ
Naloxone ,80368,ANTIDOTES,0.4mg/0.4mL,INJ
Naloxone ,80368,ANTIDOTES,0.4mg/mL,INJ
Protamine sulfate,82762,ANTIDOTES,10mg/mL,SOLUTION
Sodium thiosulfate,84112,ANTIDOTES,100mg/mL,INJ
Pralidoxime chloride,82393,ANTIDOTES,1g/vial,PFR
Pralidoxime Mesylate ,82395,ANTIDOTES,1g/vial,PFR
Naloxone ,80368,ANTIDOTES,1mg/mL,INJ
Charcoal/ activated,70229,ANTIDOTES,250mg,TAB
Sodium thiosulfate,84112,ANTIDOTES,250mg/mL,INJ
Charcoal/ activated,70229,ANTIDOTES,260mg,CAP
Pralidoxime chloride,82393,ANTIDOTES,300mg/mL,PFR
Pralidoxime Mesylate ,82395,ANTIDOTES,300mg/mL,INJ
Pralidoxime,82392,ANTIDOTES,300mg/mL,INJ
Sodium nitrite,84080,ANTIDOTES,30mg/mL,INJ
Digoxin-specific antibody,74861,ANTIDOTES,40mg/vial,PFI
Naloxone hydrochloride,80368,ANTIDOTES,4mg/0.1mL,NASAL SPRAY
Protamine ,82763,ANTIDOTES,50mg/5mL,INJ
Domperidone,75161,ANTIEMETIC DRUGS,1mg/mL,SUSPENSION
Granisetron,77137,ANTIEMETIC DRUGS,1mg/mL,INJ
Domperidone,75161,ANTIEMETIC DRUGS,10mg,TAB
Metochilorpramide hcl,79756,ANTIEMETIC DRUGS,10mg,TAB
Granisetron,77137,ANTIEMETIC DRUGS,1mg,TAB
Ondansetron ,81073,ANTIEMETIC DRUGS,2mg/mL,INJ
Granisetron,77137,ANTIEMETIC DRUGS,3mg/mL,INJ
Ondansetron ,81073,ANTIEMETIC DRUGS,4mg,TAB
Ondansetron ,81073,ANTIEMETIC DRUGS,4mg/mL,INJ
Ondansetron ,81073,ANTIEMETIC DRUGS,8mg,TAB
Metoclopramide hydrochloride,79757,ANTIEMETIC DRUGS,10mg,TAB
Metoclopramide hydrochloride,79757,ANTIEMETIC DRUGS,1mg/mL,SYRUP
Metoclopramide hydrochloride,79757,ANTIEMETIC DRUGS,5mg,TAB
Metoclopramide hydrochloride,79757,ANTIEMETIC DRUGS,5mg/mL,INJ
Sodium Valproate,84114,ANTIEPILEPTICS/ ANTICONVULSANTS,200mg,TAB
Sodium Valproate,84114,ANTIEPILEPTICS/ ANTICONVULSANTS,500mg,TAB
Carbamazepine,72822,ANTIEPILEPTICS/ ANTICONVULSANTS,100mg/5mL,SUSPENSION
Carbamazepine,72822,ANTIEPILEPTICS/ ANTICONVULSANTS,200mg,TAB
Ethosuximide,75984,ANTIEPILEPTICS/ ANTICONVULSANTS,250mg,TAB
Ethosuximide,75984,ANTIEPILEPTICS/ ANTICONVULSANTS,250mg/5mL,TAB
Gabapentin,76750,ANTIEPILEPTICS/ ANTICONVULSANTS,300mg,TAB
Clorinazole ,73624,ANTIFUNGALS,0.01%,CREAM
Clorinazole ,73624,ANTIFUNGALS,0.02%,CREAM
zinc undecylenate,86689,ANTIFUNGALS,0.05%,CREAM
zinc undecylenate,86689,ANTIFUNGALS,0.20%,CREAM
Nystatin Oral Drops ,80945,ANTIFUNGALS,100/000units/mL,ORAL SUSPENSION
Conazole eye drop,104563,ANTIFUNGALS,5mL,DROPS
Terbinafine,84824,ANTIFUNGALS,1%,SPRAY
Nystatin ,80945,ANTIFUNGALS,100000units,ORAL SUSPENSION
Itraconazole,78338,ANTIFUNGALS,100mg,CAP
Itraconazole,78338,ANTIFUNGALS,10mg/mL,INFUSION
Itraconazole,78338,ANTIFUNGALS,10mg/mL,ORAL SOL
Griseofulvin,77164,ANTIFUNGALS,125mg,TAB
Griesofulvin,77164,ANTIFUNGALS,125mg,TAB
Griesofulvin,77164,ANTIFUNGALS,125mg/mL,ORAL SUSPENSION
Fluconazole,76488,ANTIFUNGALS,150mg,TAB
Fluconazole,76488,ANTIFUNGALS,200mg,TAB
Griseofulvin,77164,ANTIFUNGALS,250mg,TAB
Terbinafine,84824,ANTIFUNGALS,250mg,TAB
Griesofulvin,77164,ANTIFUNGALS,250mg,TAB
Fluconazole,76488,ANTIFUNGALS,2mg/mL,INFUSION
Griseofulvin,77164,ANTIFUNGALS,500mg,TAB
Griesofulvin,77164,ANTIFUNGALS,500mg,TAB
Fluconazole,76488,ANTIFUNGALS,50mg,CAP
Miconazole,79831,ANTIFUNGALS,50mg,TAB
Fluconazole,76488,ANTIFUNGALS,50mg/5mL,SUSPENSION
Clotrimazole ,73624,ANTIFUNGALS,1%,CREAM
Ketoconazole ,78476,ANTIFUNGALS,2%,CREAM
Fluconazole,76488,ANTIFUNGALS,100mg,TAB
Fluconazole,76488,ANTIFUNGALS,10mg/mL,TAB
Fluconazole,76488,ANTIFUNGALS,150mg,TAB
Mycota Powder,79831,ANTIFUNGALS,2/20%W/V,SPRAY
Fluconazole,76488,ANTIFUNGALS,200mg,TAB
Fluconazole,76488,ANTIFUNGALS,200mg/100mL,SOLUTION
Fluconazole,76488,ANTIFUNGALS,400mg/200mL,SOLUTION
Fluconazole,76488,ANTIFUNGALS,40mg/mL,TAB
Fluconazole,76488,ANTIFUNGALS,50mg,TAB
Diflucan ,76488,ANTIFUNGALS,50mg,TAB
Amphotericin B ,71183,ANTIFUNGALS,50mg/vial,INJ
Antihaemorroidal,1000434,ANTIHAEMORRHAGICS,0.01,CREAM
Tranexamic acid,85286,ANTIHAEMORRHAGICS,100mg/mL,INJ
Tranexamic acid,85286,ANTIHAEMORRHAGICS,250mg,CAP
Mebendazole,79413,ANTIHELMINTIC DRUGS,100mg,TAB
Albendazole,70439,ANTIHELMINTIC DRUGS,100mg/5mL,ORAL SOL
Praziquantel ,82416,ANTIHELMINTIC DRUGS,150mg,TAB
Albendazole,70439,ANTIHELMINTIC DRUGS,200mg,TAB
Ivermectin,78342,ANTIHELMINTIC DRUGS,3mg,TAB
Albendazole,70439,ANTIHELMINTIC DRUGS,400mg,TAB
Mebendazole,79413,ANTIHELMINTIC DRUGS,500mg,TAB
Praziquantel ,82416,ANTIHELMINTIC DRUGS,600mg,TAB
Ivermectin,78342,ANTIHELMINTIC DRUGS,6mg,TAB
Cetirizine dihydrochloride,73137,ANTIHISTAMINES,10mg,TAB
Cetirizine dihydrochloride,73137,ANTIHISTAMINES,10mg/mL,INJ
Cetirizine dihydrochloride,73137,ANTIHISTAMINES,5mg,TAB
Cetirizine dihydrochloride,73137,ANTIHISTAMINES,5mg/5mL,ORAL SUSPENSION
Emadistine ,75605,ANTIHISTAMINES,0.5mg/mL,DROPS
Cetirizine ,73136,ANTIHISTAMINES,10mg,TAB
Ebastine,75459,ANTIHISTAMINES,10mg,TAB
Tidilor / Claritin ,79053,ANTIHISTAMINES,10mg,TAB
Cetirizine hydrochloride,73137,ANTIHISTAMINES,10mg,TAB
Loratadine,79053,ANTIHISTAMINES,10mg,TAB
Loratidine ,79053,ANTIHISTAMINES,10mg,TAB
CHLORPHENAMINE MALEATE,73321,ANTIHISTAMINES,10mg/mL,INJ
Promethazine,82667,ANTIHISTAMINES,12.5mg,TAB
Fexofenadine hydrochloride,76356,ANTIHISTAMINES,120mg,TAB
Chlorpheniramine,913,ANTIHISTAMINES,12mg,TAB
Ranitidine ,83075,ANTIHISTAMINES,150mg,ORAL
Fexofenadine hydrochloride,76356,ANTIHISTAMINES,180mg,TAB
Promethazine,82667,ANTIHISTAMINES,25mg,TAB
Promethazine,82667,ANTIHISTAMINES,25mg/mL,INJ
Chlorpheniramine,913,ANTIHISTAMINES,2mcg/5mL,SYRUP
Chlopheniramine ,103701,ANTIHISTAMINES,2mcg/mL,SYRUP
CHLORPHENAMINE MALEATE,73321,ANTIHISTAMINES,2mg/5mL,SYRUP
Chlorpheniramine,913,ANTIHISTAMINES,2mg/mL,SUSPENSION
Fexofenadine hydrochloride,76356,ANTIHISTAMINES,30mg,TAB
CHLORPHENAMINE MALEATE,73321,ANTIHISTAMINES,4mg,TAB
Chlorpheniramine,913,ANTIHISTAMINES,4mg,TAB
Promethazine,82667,ANTIHISTAMINES,50mg,TAB
Promethazine,82667,ANTIHISTAMINES,50mg/mL,INJ
Levocetirizine hydrochloride,78786,ANTIHISTAMINES,5mg,TAB
Loratidine ,79053,ANTIHISTAMINES,5mg,TAB
Cetirizine hydrochloride,73137,ANTIHISTAMINES,5mg/5mL,SYRUP
Loratadine,79053,ANTIHISTAMINES,5mg/5mL,SYRUP
Promethazine,82667,ANTIHISTAMINES,6.25mg/5mL,SYRUP
Fexofenadine hydrochloride,76356,ANTIHISTAMINES,60mg,TAB
Cetirizine ,73136,ANTIHISTAMINES,60mL,SYRUP
Chlorpheniramine,913,ANTIHISTAMINES,8mg,TAB
Azelastine hydrochloride,71772,ANTIHISTAMINES,137ug,NASAL SPRAY
Noradrenaline/norepinephrine,80779,ANTIHYPERTENSIVE DRUGS,1mg/mL,INJ
Adrenaline/epinephrine,75744,ANTIHYPERTENSIVE DRUGS,1mg/mL,INJ
Labetalol ,78599,ANTIHYPERTENSIVE DRUGS,100mg/20mg,ORAL
Phenoxybenzamine hydrochloride,81966,ANTIHYPERTENSIVE DRUGS,10mg,CAP
Lisinopril,78945,ANTIHYPERTENSIVE DRUGS,10mg,TAB
Adalat 1,80637,ANTIHYPERTENSIVE DRUGS,10mg,TAB
Valsartan/AmLodipine,71137,ANTIHYPERTENSIVE DRUGS,10mg + 160mg,TAB
Valsartan/AmLodipine,71137,ANTIHYPERTENSIVE DRUGS,10mg + 320mg,TAB
Sodium nitroprusside,84081,ANTIHYPERTENSIVE DRUGS,10mg/mL,INFUSION
Captopril,72806,ANTIHYPERTENSIVE DRUGS,12.5mg,TAB
Bosentan,72299,ANTIHYPERTENSIVE DRUGS,125mg,TAB
Metyldopa,79723,ANTIHYPERTENSIVE DRUGS,125mg,TAB
Adrenaline ,154365,ANTIHYPERTENSIVE DRUGS,1mg/mL,INJ
Lisinopril,78945,ANTIHYPERTENSIVE DRUGS,2.5mg,TAB
Enalapril maleate,75634,ANTIHYPERTENSIVE DRUGS,2.5mg,TAB
Lisinopril,78945,ANTIHYPERTENSIVE DRUGS,20mg,TAB
Enalapril maleate,75634,ANTIHYPERTENSIVE DRUGS,20mg,TAB
Telmisartan,84764,ANTIHYPERTENSIVE DRUGS,20mg,TAB
Adalat 1,80637,ANTIHYPERTENSIVE DRUGS,20mg,TAB
Hydralazine hydrochloride,77676,ANTIHYPERTENSIVE DRUGS,20mg/mL,INJ
Hydralazine hydrochloride,77676,ANTIHYPERTENSIVE DRUGS,25mg,TAB
Metyldopa,79723,ANTIHYPERTENSIVE DRUGS,250mg,TAB
Captopril,72806,ANTIHYPERTENSIVE DRUGS,25mg,TAB
Lisinopril,78945,ANTIHYPERTENSIVE DRUGS,30mg,TAB
Bosentan,72299,ANTIHYPERTENSIVE DRUGS,32mg,ORAL SOL
Lisinopril,78945,ANTIHYPERTENSIVE DRUGS,40mg,TAB
Dopamine hydrochloride,75103,ANTIHYPERTENSIVE DRUGS,40mg/mL,INFUSION
Nitroglycerin sublingual,80704,ANTIHYPERTENSIVE DRUGS,400mg,TAB
Telmisartan,84764,ANTIHYPERTENSIVE DRUGS,40mg,TAB
Telmisartan and hydrochlothazine,104843,ANTIHYPERTENSIVE DRUGS,40mg + 12.5mg,TAB
Enalapril maleate,75634,ANTIHYPERTENSIVE DRUGS,5mg,TAB
Sodium nitroprusside,84081,ANTIHYPERTENSIVE DRUGS,5mL,INFUSION
Losartan potassium,79075,ANTIHYPERTENSIVE DRUGS,50mg,TAB
Dobutamine,75102,ANTIHYPERTENSIVE DRUGS,50mg/mL,INFUSION
Metyldopa,79723,ANTIHYPERTENSIVE DRUGS,500mg,TAB
Lorsatan and hydrochlorthiazide,103231,ANTIHYPERTENSIVE DRUGS,50mg + 12.5mg,TAB
Felodipine,76211,ANTIHYPERTENSIVE DRUGS,5mg,TAB
Lisinopril,78945,ANTIHYPERTENSIVE DRUGS,5mg,TAB
Valsartan/AmLodipine,71137,ANTIHYPERTENSIVE DRUGS,5mg - 320mg,TAB
Valsartan/AmLodipine,71137,ANTIHYPERTENSIVE DRUGS,5mg -160mg,TAB
Captopril,72806,ANTIHYPERTENSIVE DRUGS,6.25mg,TAB
Bosentan,72299,ANTIHYPERTENSIVE DRUGS,62.5mg,TAB
Valsartan/AmLodipine,71137,ANTIHYPERTENSIVE DRUGS,80/5mg,TAB
Telmisartan,84764,ANTIHYPERTENSIVE DRUGS,80mg,TAB
Losartan/Hydrochlorthiazide ,79074,ANTIHYPERTENSIVE DRUGS,50/12.5mg,TAB
Nebivolol,80470,ANTIHYPERTENSIVE DRUGS,10mg,TAB
Nebivolol,80470,ANTIHYPERTENSIVE DRUGS,2.5mg,TAB
Nebivolol,80470,ANTIHYPERTENSIVE DRUGS,20mg,TAB
Methyldopa,79723,ANTIHYPERTENSIVE DRUGS,250mg,TAB
Methyldopa,79723,ANTIHYPERTENSIVE DRUGS,500mg,TAB
Lorsatan ,103231,ANTIHYPERTENSIVE DRUGS,50mg,TAB
Nebivolol,80470,ANTIHYPERTENSIVE DRUGS,5mg,TAB
Timolol,85132,ANTIHYPERTENSIVE DRUGS,0.5%,EYE DROP
Timolol,85132,ANTIHYPERTENSIVE DRUGS,10mg,TAB
Losartan H,104834,ANTIHYPERTENSIVE DRUGS,12.5mg,TAB
Timolol,85132,ANTIHYPERTENSIVE DRUGS,20mg,TAB
Losartan/AmLodipine,79074,ANTIHYPERTENSIVE DRUGS,50/5mg,TAB
Losartan H,104834,ANTIHYPERTENSIVE DRUGS,50mg,TAB
Timolol,85132,ANTIHYPERTENSIVE DRUGS,5mg,TAB
Kanamycin,78385,ANTILEPROSY/ANTITUBERCULOSIS DRUGS,1000mg/vial,INJ
Capreomycin,72794,ANTILEPROSY/ANTITUBERCULOSIS DRUGS,1000mg/vial,INJ
Dapsone ,74250,ANTILEPROSY/ANTITUBERCULOSIS DRUGS,100mg,TAB
Isoniazid,78280,ANTILEPROSY/ANTITUBERCULOSIS DRUGS,100mg,TAB
Ethambutol hydrochloride,75949,ANTILEPROSY/ANTITUBERCULOSIS DRUGS,100mg,TAB
Bedaquiline,163143,ANTILEPROSY/ANTITUBERCULOSIS DRUGS,100mg,TAB
Isoniazid,78280,ANTILEPROSY/ANTITUBERCULOSIS DRUGS,100mg/5mL,ORAL
Isoniazid,78280,ANTILEPROSY/ANTITUBERCULOSIS DRUGS,100mg/mL,INJ
Rifampicin,767,ANTILEPROSY/ANTITUBERCULOSIS DRUGS,150mg,CAP
Rifabutin,83352,ANTILEPROSY/ANTITUBERCULOSIS DRUGS,150mg,CAP
Streptomycin,84360,ANTILEPROSY/ANTITUBERCULOSIS DRUGS,1g vial,INJ
Linezolid,78879,ANTILEPROSY/ANTITUBERCULOSIS DRUGS,20mg/mL,SUSPENSION
Cycloserine,74123,ANTILEPROSY/ANTITUBERCULOSIS DRUGS,250mg,CAP
Dapsone ,74250,ANTILEPROSY/ANTITUBERCULOSIS DRUGS,25mg,TAB
Rifampicin,767,ANTILEPROSY/ANTITUBERCULOSIS DRUGS,300mg,CAP
Isoniazid,78280,ANTILEPROSY/ANTITUBERCULOSIS DRUGS,300mg,TAB
Ethambutol hydrochloride,75949,ANTILEPROSY/ANTITUBERCULOSIS DRUGS,400mg,TAB
Pyrazinamide,82900,ANTILEPROSY/ANTITUBERCULOSIS DRUGS,500mg,TAB
Clofazimine,73581,ANTILEPROSY/ANTITUBERCULOSIS DRUGS,50mg,CAP
Isoniazid,78280,ANTILEPROSY/ANTITUBERCULOSIS DRUGS,50mg,TAB
Delamanid,163144,ANTILEPROSY/ANTITUBERCULOSIS DRUGS,50mg,TAB
Isoniazid,78280,ANTILEPROSY/ANTITUBERCULOSIS DRUGS,50mg/5mL,ORAL
Rifampicin,767,ANTILEPROSY/ANTITUBERCULOSIS DRUGS,600mg,PFS
Linezolid,78879,ANTILEPROSY/ANTITUBERCULOSIS DRUGS,600mg,TAB
Proguanil,97,ANTIMALARIAL DRUGS,100mg,TAB
Proguanil hydrochloride,97,ANTIMALARIAL DRUGS,100mg,TAB
Artemether/ Lumefantrine ,1447,ANTIMALARIAL DRUGS,20mg/120mg(12 tabs),TAB
Artemether/ Lumefantrine ,1447,ANTIMALARIAL DRUGS,20mg/120mg(18 tabs),TAB
Artemether/ Lumefantrine,1447,ANTIMALARIAL DRUGS,20mg/120mg(24 tabs),TAB
Artemether/ Lumefantrine ,1447,ANTIMALARIAL DRUGS,20mg/120mg(6 tabs),TAB
Hydrochloroquines,77784,ANTIMALARIAL DRUGS,250mg,ORAL
Quinine ,83023,ANTIMALARIAL DRUGS,300mg,TAB
Quinine,83023,ANTIMALARIAL DRUGS,300mg,TAB
Quinine ,83023,ANTIMALARIAL DRUGS,300mg/mL,INFUSION
Quinine,83023,ANTIMALARIAL DRUGS,300mg/mL,INJ
Pyrimethamine with sulfadoxine,924,ANTIMALARIAL DRUGS,500mg + 25mg,TAB
Pyrimethamine with sulfadoxine,105232,ANTIMALARIAL DRUGS,500mg + 25mg,TAB
Podophyllotoxin,82229,ANTIMETABOLITES,20%,OINTMENT
Silver nitrate ,83919,ANTIMETABOLITES,40%,PENCIL
Silver nitrate ,83919,ANTIMETABOLITES,95%,PENCIL
Pemetrexed,81707,ANTIMETABOLITES,100mg,INJ
Pemetrexed,81707,ANTIMETABOLITES,100mg,INJ
Cytarabine,74177,ANTIMETABOLITES,100mg,PFI
Capecitabine,72782,ANTIMETABOLITES,100mg,TAB
Methotrexate,79700,ANTIMETABOLITES,1gm,INJ
Gemcitabine,76858,ANTIMETABOLITES,1gm,PFI
Methotrexate,79700,ANTIMETABOLITES,2.5mg,TAB
Gemcitabine,76858,ANTIMETABOLITES,200mg,PFI
Capecitabine,72782,ANTIMETABOLITES,500mg,TAB
Capecitabine,72782,ANTIMETABOLITES,500mg,TAB
Fludarabine,76491,ANTIMETABOLITES,50mg,INJ
Fluorouracil,76550,ANTIMETABOLITES,50mg,PFI
Mercaptopurine,70039,ANTIMETABOLITES,50mg,TAB
Methotrexate,79700,ANTIMETABOLITES,50mg/2mL,INJ
Fludarabine,76491,ANTIMETABOLITES,50mg/2mL,INJ
Fluorouracil,76550,ANTIMETABOLITES,50mg/2mL,INJ
Ipratropium,78199,ANTIMUSCARINIC DRUGS,0.00%,SOLUTION
Tamsulosin Hydrochloride,84671,ANTIMUSCARINIC DRUGS,0.4mg,TAB
Prazosin,82417,ANTIMUSCARINIC DRUGS,0.5mg,TAB
Dicyclomine hydrochloride,74804,ANTIMUSCARINIC DRUGS,10mg,TAB
Buscopan,431,ANTIMUSCARINIC DRUGS,10mg,TAB
Buscopan ,431,ANTIMUSCARINIC DRUGS,10mg,TAB
Ipratropium,78199,ANTIMUSCARINIC DRUGS,17mcg/actuation,INHALATION
Terazosin,84823,ANTIMUSCARINIC DRUGS,1mg,TAB
Oxybutynin,81329,ANTIMUSCARINIC DRUGS,2.5mg,TAB
Buscopan ,431,ANTIMUSCARINIC DRUGS,20mg,TAB
Buscopan ,431,ANTIMUSCARINIC DRUGS,20mg/mL,INJ
Ipratropium bromide,78200,ANTIMUSCARINIC DRUGS,250 mcg/1mL,SOLUTION
Ipratropium bromide,78200,ANTIMUSCARINIC DRUGS,500 mcg/1mL,SOLUTION
Oxybutynin,81329,ANTIMUSCARINIC DRUGS,5mg,TAB
Cyclopentolate,74117,ANTIMUSCARINIC DRUGS,0.50%,SOLUTION
Cyclopentolate,74117,ANTIMUSCARINIC DRUGS,1.00%,SOLUTION
Cyclopentolate,74117,ANTIMUSCARINIC DRUGS,2.00%,SOLUTION
Atropine sulfate,71682,ANTIMUSCARINIC DRUGS,0.05mg/mL,INJ
Atropine sulfate,71682,ANTIMUSCARINIC DRUGS,0.1mg/mL,INJ
Atropine sulfate,71682,ANTIMUSCARINIC DRUGS,0.1mg/mL,INJ
Atropine sulfate,71682,ANTIMUSCARINIC DRUGS,0.25mg/0.3mL,INTRAMUSCULAR DEVICE
Atropine sulfate,71682,ANTIMUSCARINIC DRUGS,0.25mg/0.3mL,INTRAMUSCULAR DEVICE
Atropine sulfate,71682,ANTIMUSCARINIC DRUGS,0.8mg/mL,INJ
Hyoscine hydrobromide (Scopolamine hydrobromide),83725,ANTIMUSCARINIC DRUGS,150mg,TAB
Atropine sulfate,71682,ANTIMUSCARINIC DRUGS,1mg/0.7mL,INTRAMUSCULAR DEVICE
Atropine sulfate,71682,ANTIMUSCARINIC DRUGS,1mg/mL,INJ
Atropine sulfate,71682,ANTIMUSCARINIC DRUGS,2mg/0.7mL,INTRAMUSCULAR DEVICE
Hyoscine hydrobromide (Scopolamine hydrobromide),83725,ANTIMUSCARINIC DRUGS,300mg,TAB
Filgrastim,76374,ANTINEUTROPENIC DRUGS,300mcg/mL,INJ
Peg filgrastim,81701,ANTINEUTROPENIC DRUGS,6mg/0.6mL,INJ
Liv 52,1000441,ANTIOXIDANTS,65mg,TAB
Nitazoxanide,80675,ANTIPROTOZOAL DRUGS,100mg/5mL,PFR
Metronidazole/Diloxanide ,79784,ANTIPROTOZOAL DRUGS,100mL,ORAL SOL
Metronidazole,79782,ANTIPROTOZOAL DRUGS,200mg,TAB
Metronidazole,79782,ANTIPROTOZOAL DRUGS,200mg/5mL,SUSPENSION
Metronidazole,79782,ANTIPROTOZOAL DRUGS,400mg,TAB
Diloxanide Furoate,74917,ANTIPROTOZOAL DRUGS,500mg,TAB
Metronidazole,79782,ANTIPROTOZOAL DRUGS,500mg/100mL,SOLUTION
Artesunate ,71561,ANTIPROTOZOAL DRUGS,60mg,INJ
Calamine lotion,493,ANTIPRURITICS,0.15,SUSPENSION
Calamine lotion,493,ANTIPRURITICS,50g,SUSPENSION
Aripiprazole,71533,ANTIPSYCHOTICS,2mg,ORAL
Fluphenthixol decanoate,76556,ANTIPSYCHOTICS,300mg,INJ
Fluphenthixol decanoate,76556,ANTIPSYCHOTICS,50mg,INJ
Fluphenthixol decanoate,76556,ANTIPSYCHOTICS,50mg,INJ
Quetipine ,82990,ANTIPSYCHOTICS,50mg,TAB
Aripiprazole,71533,ANTIPSYCHOTICS,5mg,ORAL
Trihexyphenidy hydrochloride(Benzhexol hydrochloride),85463,ANTIPSYCHOTICS,5mg,TAB
Hyoscine Butylbromide ,431,ANTISPASMODIC DRUGS,20mg/mL,INJ
Rivaroxaban,83417,ANTITHROMBOTIC DRUGS,15mg,TAB
Rivaroxaban,83417,ANTITHROMBOTIC DRUGS,20mg,TAB
Warfarin ,86415,ANTITHROMBOTIC DRUGS,5mg,TAB
Propylthiouracil,82743,ANTITHYROID DRUGS,100mg,TAB
Carbimazole,72848,ANTITHYROID DRUGS,10mg,TAB
Carbimazole,72848,ANTITHYROID DRUGS,10mg,TAB
Propylthiouracil,82743,ANTITHYROID DRUGS,50mg,TAB
Carbimazole,72848,ANTITHYROID DRUGS,5mg,TAB
Carbimazole,72848,ANTITHYROID DRUGS,5mg,TAB
Snake Anti Venom Polyvalent,80002,ANTIVENOMS,10mL,INJ
Aciclovir (Acyclovir),70245,ANTIVIRAL DRUGS,5%,CREAM
Peginterferon alfa-2a,81702,ANTIVIRAL DRUGS,0.135mg,INJ
Peginterferon alfa-2a,81702,ANTIVIRAL DRUGS,0.18mg,INJ
Valaciclovir,86028,ANTIVIRAL DRUGS,1000mg,TAB
Aciclovir (Acyclovir),70245,ANTIVIRAL DRUGS,1000mg/vial,INFUSION
Zidovudine(Azidothymidine; AZT),86663,ANTIVIRAL DRUGS,100mg,CAP
Lamivudine (3TC),78643,ANTIVIRAL DRUGS,100mg,TAB
Raltegravir,154378,ANTIVIRAL DRUGS,100mg,TAB
Ritonavir,83412,ANTIVIRAL DRUGS,100mg,TAB
Raltegravir,154378,ANTIVIRAL DRUGS,100mg/packet,ORAL SUSPENSION
Lopinavir with ritonavir,794,ANTIVIRAL DRUGS,10mg,PELLETS
Lamivudine (3TC),78643,ANTIVIRAL DRUGS,10mg/mL,ORAL SOL
Emtricitabine (FTC),75628,ANTIVIRAL DRUGS,10mg/mL,ORAL SOL
Nevirapine,80586,ANTIVIRAL DRUGS,10mg/mL,ORAL SUSPENSION
Zidovudine(Azidothymidine; AZT),86663,ANTIVIRAL DRUGS,10mg/mL,SYRUP
Abacavir,70056,ANTIVIRAL DRUGS,120mg,TAB
Lamivudine (3TC),78643,ANTIVIRAL DRUGS,150mg,TAB
Tenofovir disoproxil,84796,ANTIVIRAL DRUGS,150mg,TAB
Tenofovir disoproxil,84796,ANTIVIRAL DRUGS,150mg,TAB
Aciclovir (Acyclovir),70245,ANTIVIRAL DRUGS,200mg,TAB
Tenofovir disoproxil,84796,ANTIVIRAL DRUGS,200mg,TAB
Ribavirin (Tribavirin),83331,ANTIVIRAL DRUGS,200mg,TAB
Efavirenz,75523,ANTIVIRAL DRUGS,200mg,TAB
Nevirapine,80586,ANTIVIRAL DRUGS,200mg,TAB
Emtricitabine (FTC),75628,ANTIVIRAL DRUGS,200mg,TAB
Lopinavir with ritonavir,794,ANTIVIRAL DRUGS,200mg,TAB
Aciclovir (Acyclovir),70245,ANTIVIRAL DRUGS,200mg/5mL,ORAL SUSPENSION
Lopinavir with ritonavir,794,ANTIVIRAL DRUGS,20mg,ORAL SOL
Raltegravir,154378,ANTIVIRAL DRUGS,25mg,TAB
Lopinavir with ritonavir,794,ANTIVIRAL DRUGS,25mg,TAB
Lamivudine (3TC),78643,ANTIVIRAL DRUGS,300mg,TAB
Tenofovir disoproxil,84796,ANTIVIRAL DRUGS,300mg,TAB
Abacavir,70056,ANTIVIRAL DRUGS,300mg,TAB
Zidovudine(Azidothymidine; AZT),86663,ANTIVIRAL DRUGS,300mg,TAB
Atazanavir,71647,ANTIVIRAL DRUGS,300mg,TAB
Darunavir,74258,ANTIVIRAL DRUGS,300mg,TAB
Tenofovir and lamivudine,161364,ANTIVIRAL DRUGS,300mg,TAB
Oseltamivir,81238,ANTIVIRAL DRUGS,30mg,CAP
Aciclovir (Acyclovir),70245,ANTIVIRAL DRUGS,400mg,TAB
Ribavirin (Tribavirin),83331,ANTIVIRAL DRUGS,400mg,TAB
Raltegravir,154378,ANTIVIRAL DRUGS,400mg,TAB
Darunavir,74258,ANTIVIRAL DRUGS,400mg,TAB
Lopinavir and ritonavir,794,ANTIVIRAL DRUGS,400mg + 100mg,TAB
Lopinavir with ritonavir,794,ANTIVIRAL DRUGS,40mg,PELLETS
Ribavirin (Tribavirin),83331,ANTIVIRAL DRUGS,40mg/mL,ORAL SOL
Oseltamivir,81238,ANTIVIRAL DRUGS,45mg,CAP
Ganciclovir,76794,ANTIVIRAL DRUGS,500mg,INJ
Valaciclovir,86028,ANTIVIRAL DRUGS,500mg,TAB
Lopinavir with ritonavir,794,ANTIVIRAL DRUGS,500mg,TAB
Aciclovir (Acyclovir),70245,ANTIVIRAL DRUGS,500mg/vial,INFUSION
Dolutegravir,164967,ANTIVIRAL DRUGS,50mg,TAB
Lopinavir with ritonavir,794,ANTIVIRAL DRUGS,50mg,TAB
Lamivudine (3TC),78643,ANTIVIRAL DRUGS,5mg/mL,ORAL SOL
Ribavirin (Tribavirin),83331,ANTIVIRAL DRUGS,600mg,TAB
Raltegravir,154378,ANTIVIRAL DRUGS,600mg,TAB
Efavirenz,75523,ANTIVIRAL DRUGS,600mg,TAB
Darunavir,74258,ANTIVIRAL DRUGS,600mg,TAB
Abacavir,70056,ANTIVIRAL DRUGS,60mg,TAB
Ribavirin (Tribavirin),83331,ANTIVIRAL DRUGS,6g/vial,INHALATION
Oseltamivir,81238,ANTIVIRAL DRUGS,6mg/mL,ORAL SUSPENSION
Oseltamivir,81238,ANTIVIRAL DRUGS,75mg,CAP
Aciclovir (Acyclovir),70245,ANTIVIRAL DRUGS,800mg,TAB
Lopinavir with ritonavir,794,ANTIVIRAL DRUGS,80mg,ORAL SOL
Ritonavir,83412,ANTIVIRAL DRUGS,80mg/mL,ORAL SOL
Ganciclovir ophthalmic,76794,ANTIVIRAL DRUGS,0.15%,GEL
Aciclovir (Acyclovir) eye drop,70245,ANTIVIRAL DRUGS,3%,DROPS
Favipiravir(Fabiflu),162638,ANTIVIRAL DRUGS,200mg,TAB
Ganciclovir ,76794,ANTIVIRAL DRUGS,500mg,PFR
Aluminium chloride hexahydrate,70989,ASTRINGENTS,6.25%,SOLUTION
Aluminium chloride hexahydrate,70989,ASTRINGENTS,15%,SOLUTION
Aluminium chloride hexahydrate,70989,ASTRINGENTS,20%,SOLUTION
Chlordiazepoxide/Clinidium,104171,BENZODIAZEPINES,5/2.5mg,CAP
Sodium Bicarbonate,84065,BICARBONATES,8.40%,INFUSION
Albumin SOLUTION (Human Albumin SOLUTION),70445,BLOOD PRODUCTS AND PLASMA SUBSTITUTES,95%,SOLUTION
Sevelamer,83870,BLOOD PRODUCTS AND PLASMA SUBSTITUTES,400mg,TAB
Sevelamer,83870,BLOOD PRODUCTS AND PLASMA SUBSTITUTES,800mg,TAB
Digoxin,74860,CARDIOVASCULAR DRUGS,0.05mg/mL,ORAL SOL
Nimodipine,80666,CARDIOVASCULAR DRUGS,0.2mg/mL,INFUSION
Digoxin,74860,CARDIOVASCULAR DRUGS,0.25mg,TAB
Warfarin sodium,86417,CARDIOVASCULAR DRUGS,1mg,TAB
Metoprolol,79764,CARDIOVASCULAR DRUGS,1mg/mL,INJ
Metoprolol tartrate,79767,CARDIOVASCULAR DRUGS,1mg/mL,INJ
Labetalol hydrochloride,78600,CARDIOVASCULAR DRUGS,100mg,TAB
Metoprolol tartrate,79767,CARDIOVASCULAR DRUGS,100mg,TAB
Metoprolol,79764,CARDIOVASCULAR DRUGS,100mg,TAB
Metoprolol,79764,CARDIOVASCULAR DRUGS,100mg,TAB
Tranexamic acid ,85286,CARDIOVASCULAR DRUGS,100mg/mL,INJ
Isorsobide Dinitrate ,78305,CARDIOVASCULAR DRUGS,10mg,ORAL
AmLodipine,71137,CARDIOVASCULAR DRUGS,10mg,TAB
Bisoprolol fumarate,72248,CARDIOVASCULAR DRUGS,10mg,TAB
Esmolol,75872,CARDIOVASCULAR DRUGS,10mg/mL,INFUSION
Esmolol hydrochloride,75873,CARDIOVASCULAR DRUGS,10mg/mL,INJ
Carvedilol,72944,CARDIOVASCULAR DRUGS,12.5mg,TAB
Metoprolol,79764,CARDIOVASCULAR DRUGS,1mg/mL,INJ
Labetalol hydrochloride,78600,CARDIOVASCULAR DRUGS,200mg,TAB
Nifedipine,80637,CARDIOVASCULAR DRUGS,20mg,TAB
Carvedilol,72944,CARDIOVASCULAR DRUGS,25mg,TAB
Tranexamic acid ,85286,CARDIOVASCULAR DRUGS,250mg,CAP
Warfarin sodium,86417,CARDIOVASCULAR DRUGS,3mg,TAB
Carvedilol,72944,CARDIOVASCULAR DRUGS,3.125mg,TAB
Nimodipine,80666,CARDIOVASCULAR DRUGS,30mg,TAB
Labetalol hydrochloride,78600,CARDIOVASCULAR DRUGS,400mg,TAB
AmLodipine,71137,CARDIOVASCULAR DRUGS,5mg,TAB
Warfarin sodium,86417,CARDIOVASCULAR DRUGS,5mg,TAB
Bisoprolol fumarate,72248,CARDIOVASCULAR DRUGS,5mg,TAB
Labetalol hydrochloride,78600,CARDIOVASCULAR DRUGS,5mg/mL,INJ
Labetalol hydrochloride,78600,CARDIOVASCULAR DRUGS,50mg,TAB
Metoprolol tartrate,79767,CARDIOVASCULAR DRUGS,50mg,TAB
Amiodarone hydrochloride,71119,CARDIOVASCULAR DRUGS,50mg/mL,INJ
Atenolol ,71652,CARDIOVASCULAR DRUGS,50mg,TAB
Hydrochlorthiazide,77696,CARDIOVASCULAR DRUGS,50mg,TAB
Metoprolol,79764,CARDIOVASCULAR DRUGS,50mg,TAB
Carvedilol,72944,CARDIOVASCULAR DRUGS,6.25mg,TAB
Enalapril,75633,CARDIOVASCULAR DRUGS,1.25mg/mL,INJ
Enalapril,75633,CARDIOVASCULAR DRUGS,10mg,TAB
Enalapril,75633,CARDIOVASCULAR DRUGS,2.5mg,TAB
Enalapril,75633,CARDIOVASCULAR DRUGS,20mg,TAB
Adenosine,70272,CARDIOVASCULAR DRUGS,3mg/mL,INJ
Enalapril,75633,CARDIOVASCULAR DRUGS,5mg,TAB
Taxol ,74185,CHEMOTHERAPY DRUGS,6mg/mL,INJ
Intra-uterine contraceptive devices (copper),73869,CONTRACEPTIVE DEVICES,313.4mg,IUDs
Clobetasol,73564,CORTICISTEROIDS,0.05%,CREAM
Beclametason,71916,CORTICISTEROIDS,0.084mg/inh,INHALATION
Deflazacort,74375,CORTICISTEROIDS,18mg,TAB
Deflazacort,74375,CORTICISTEROIDS,22.75mg/mL,ORAL SOL
Deflazacort,74375,CORTICISTEROIDS,30mg,TAB
Deflazacort,74375,CORTICISTEROIDS,36mg,TAB
Beclametason,71916,CORTICISTEROIDS,40mcg/inh,INHALATION
Beclametason,71916,CORTICISTEROIDS,42mcg/spray,INHALATION
Deflazacort,74375,CORTICISTEROIDS,6mg,TAB
Beclametason,71916,CORTICISTEROIDS,80mcg/inh,INHALATION
Predinisolon,82446,CORTICISTEROIDS,10mg,TAB
Predinisolon,82446,CORTICISTEROIDS,1mg,TAB
Predinisolon,82446,CORTICISTEROIDS,2.5mg,TAB
Predinisolon,82446,CORTICISTEROIDS,20mg,TAB
Predinisolon,82446,CORTICISTEROIDS,50mg,TAB
Xtraderm Ointment,105166,CORTICISTEROIDS,5mg,OINTMENT
Predinisolon,82446,CORTICISTEROIDS,5mg,TAB
Predinisolon,82446,CORTICISTEROIDS,5mg/5mL,ORAL SOL
Betamethasone,72120,CORTICISTEROIDS,0.01%,CREAM
Betamethasone,72120,CORTICISTEROIDS,0.03%,CREAM
Betamethasone,72120,CORTICISTEROIDS,0.10%,CREAM
Hydrocortisone ,77714,CORTICISTEROIDS,0.10%,CREAM
Hydrocortisone ,77714,CORTICISTEROIDS,0.50%,CREAM
Hydrocortisone ,77714,CORTICISTEROIDS,1.00%,CREAM
Hydrocrt ,77714,CORTICISTEROIDS,0.025,CREAM
Seretide ,83653,CORTICISTEROIDS,0.6,INHALATION
Budesonide,72484,CORTICISTEROIDS,0.25mg/2mL,INHALATION
Dexamethasone ,74609,CORTICISTEROIDS,0.5mg,TAB
Hydrocortisone ,77714,CORTICISTEROIDS,100mg,PFR
Hydrocrt ,77714,CORTICISTEROIDS,10mg,TAB
Triamcinolone,85356,CORTICISTEROIDS,10mg/mL,INJ
Probeta N Eye/Nasal Drops ,72123,CORTICISTEROIDS,10mL,DROPS
Hyaluronic acid,77642,CORTICISTEROIDS,16mg/mL,INJ
Betamethasone,72120,CORTICISTEROIDS,1mg/mL,INJ
Hydrocrt ,77714,CORTICISTEROIDS,20mg,TAB
Fluticasone Nasal spray,76586,CORTICISTEROIDS,27.5mcg/actuation,NASAL SPRAY
Dexamethasone ,74609,CORTICISTEROIDS,2mg,TAB
Hyaluronic acid,77642,CORTICISTEROIDS,30mg/2mL,INJ
Triamcinolone acetonide,85357,CORTICISTEROIDS,40m/mL,INJ
Triamcinolone,85356,CORTICISTEROIDS,40mg/mL,INJ
Hyaluronic acid,77642,CORTICISTEROIDS,48mg/6mL,INJ
Dexamethasone ,74609,CORTICISTEROIDS,4mg,TAB
Dexamethasone ,74609,CORTICISTEROIDS,4mg/mL,INJ
Dexamine methosane ,104425,CORTICISTEROIDS,4mg/mL,INJ
Methylprednisolone,79743,CORTICISTEROIDS,500mg,PFR
Fluticasone Nasal spray,76586,CORTICISTEROIDS,50mcg/actuation,NASAL SPRAY
Prednisolone ,82446,CORTICISTEROIDS,5mg,TAB
Hydrocrt ,77714,CORTICISTEROIDS,5mg,TAB
Betamethasone,72120,CORTICISTEROIDS,6mg/mL,INJ
Hyaluronic acid,77642,CORTICISTEROIDS,88mg/4m,INJ
Fluticasone Nasal spray,76586,CORTICISTEROIDS,93 mcg/actuation,NASAL SPRAY
Depo Medrol ,79743,CORTICISTEROIDS, 40mg/mL,INJ
Depo Medrol ,79743,CORTICISTEROIDS, 20mg/mL,INJ
Depo Medrol ,79743,CORTICISTEROIDS, 80mg/mL,INJ
Dexamethasone with ciprofloxacin (ear drop),104317,CORTICISTEROIDS,0.14mL,SUSPENSION
Diprofos ,1000440,CORTICISTEROIDS,1-2mL,INJ
Beclometasone dipropionate,71917,CORTICISTEROIDS,200mcg,INHALATION
Methyl Prednisolone ,79743,CORTICISTEROIDS,2mg,TAB
Methyl Prednisolone ,79743,CORTICISTEROIDS,4mg,TAB
Methyl Prednisolone ,79743,CORTICISTEROIDS,6mg,TAB
Betamethasone ,103906,CORTICISTEROIDS,6mg/mL,INJ
Methyl Prednisolone ,79743,CORTICISTEROIDS,8mg,TAB
Deep Heat,1000439,COUNTERIRRITANTS,100g,CREAM
Hydroxycarbamide,77795,CYTOTOXIC ANTINEOPLASTICS,200mg,CAP
Hydroxycarbamide,77795,CYTOTOXIC ANTINEOPLASTICS,300mg,CAP
Hydroxycarbamide,77795,CYTOTOXIC ANTINEOPLASTICS,400mg,CAP
Hydroxycarbamide,77795,CYTOTOXIC ANTINEOPLASTICS,500mg,CAP
Sinnemet ,104128,DECARBOXYLASE INHIBITORS,12.5mg,TAB
Sinnemet ,104128,DECARBOXYLASE INHIBITORS,50mg,TAB
Saline Nasal Drops,80804,DECONGESTANT(ANTIHISTAMINES),0.90%,DROPS
Calamine,72621,DERMATOLOGICAL PREPARATIONS,0.01,CREAM
Calamine,72621,DERMATOLOGICAL PREPARATIONS,0.08,CREAM
Zinc Oxide ,86684,DERMATOLOGICAL PREPARATIONS,100mg,OINTMENT
Mupirocin Cream,80195,DERMATOLOGICAL PREPARATIONS,15mg,CREAM
Whitefields Ointment ,284,DERMATOLOGICAL PREPARATIONS,15mg,OINTMENT
Benzyl benzoate,72075,DERMATOLOGICAL PREPARATIONS,25%,LOTION
Hydroxychloroquine,77784,DISEASE-MODIFYING AGENTS USED IN RHEUMATOID DISORDERS (DMARDS),200mg,TAB
Leflunamide,78718,DISEASE-MODIFYING AGENTS USED IN RHEUMATOID DISORDERS (DMARDS),100mg,TAB
Hydroxychloroquine Sulphate,77785,DISEASE-MODIFYING AGENTS USED IN RHEUMATOID DISORDERS (DMARDS),200mg,TAB
Leflunamide,78718,DISEASE-MODIFYING AGENTS USED IN RHEUMATOID DISORDERS (DMARDS),20mg,TAB
Povidone Mouth Wash ,82383,DISINFECTANTS AND ANTISEPTICS,0.01,SOLUTION
Steranios SOLUTION,77064,DISINFECTANTS AND ANTISEPTICS,0.02,SOLUTION
Benzoyl peroxide,72063,DISINFECTANTS AND ANTISEPTICS,2.50%,SOLUTION
Benzoyl peroxide,72063,DISINFECTANTS AND ANTISEPTICS,5.00%,SOLUTION
Benzoyl peroxide,72063,DISINFECTANTS AND ANTISEPTICS,10.00%,SOLUTION
Povidone- Iodine ,82384,DISINFECTANTS AND ANTISEPTICS,0.1,SOLUTION
Lysol SOLUTION,79991,DISINFECTANTS AND ANTISEPTICS,0.5,SOLUTION
Paraffin Liquid Nasal Drops,81568,DISINFECTANTS AND ANTISEPTICS,10-30mL,DROPS
Zefcolin,73008,DISINFECTANTS AND ANTISEPTICS,10mL,ORAL
Betadine mouthwash,82384,DISINFECTANTS AND ANTISEPTICS,125mL,SOLUTION
Betadine mouthwash,82384,DISINFECTANTS AND ANTISEPTICS,250mL,SOLUTION
Paraffin Liquid Nasal Drops,81568,DISINFECTANTS AND ANTISEPTICS,5-20mL,DROPS
Chlorhexidine,73263,DISINFECTANTS AND ANTISEPTICS,0.12%,ORAL SOL
Glutaral,77064,DISINFECTANTS AND ANTISEPTICS,10%,SOLUTION
Povidone-iodine,82384,DISINFECTANTS AND ANTISEPTICS,10mL,SOLUTION
Lugols Iodine 1l,104937,DISINFECTANTS AND ANTISEPTICS,1l,SOLUTION
Potassium Permanganate,82370,DISINFECTANTS AND ANTISEPTICS,300mg,TAB
Mannitol,79303,DIURETICS,20%,INFUSION
Indapamine Sr,77985,DIURETICS,1.25mg,TAB
Spironolactone,84239,DIURETICS,100mg,TAB
Torasemide,85249,DIURETICS,100mg,TAB
Chlortalidone,73338,DIURETICS,100mg,TAB
Torasemide,85249,DIURETICS,10mg,TAB
Furosemide,76734,DIURETICS,10mg/mL,INJ
Torasemide,85249,DIURETICS,10mg/mL,INJ
Hctz,77696,DIURETICS,12.5mg,TAB
Chlortalidone,73338,DIURETICS,15mg,TAB
Indapamine Sr,77985,DIURETICS,2.5mg,TAB
Indapamide,77985,DIURETICS,2.5mg,TAB
Torasemide,85249,DIURETICS,20mg,TAB
Furosemide,76734,DIURETICS,20mg/5mL,ORAL
Hydrochlorothiazide,77696,DIURETICS,25mg,TAB
Eplerenone,75754,DIURETICS,25mg,TAB
Spironolactone,84239,DIURETICS,25mg,TAB
Chlortalidone,73338,DIURETICS,25mg,TAB
Hctz,77696,DIURETICS,25mg,TAB
Furosemide,76734,DIURETICS,40mg,TAB
Torasemide,85249,DIURETICS,5mg,TAB
Metolazone,79761,DIURETICS,5mg,TAB
Hydrochlorothiazide,77696,DIURETICS,50mg,TAB
Eplerenone,75754,DIURETICS,50mg,TAB
Chlortalidone,73338,DIURETICS,50mg,TAB
Hctz,77696,DIURETICS,50mg,TAB
Frusemide ,76734,DIURETICS,20mg,TAB
Ringers Lactate ,78617,INTRAVENOUS FLUIDS,100mL,SOLUTION
Calcium Gluconate ,72678,ELECTROLYTES AND MINERALS,10%w/v /10mL,INJ
Phenobarbitone ,81951,ELECTROLYTES AND MINERALS,100mg,TAB
Potassium ,82340,ELECTROLYTES AND MINERALS,25mL,INJ
Magnesium sulfate,79247,ELECTROLYTES AND MINERALS,50%w/v,INJ
Darrow SOLUTION,104745,ELECTROLYTES AND MINERALS,500mL,INFUSION
Sodium chloride,84047,ELECTROLYTES AND MINERALS,0.90%,INJ
Calcium carbonate,72660,ELECTROLYTES AND MINERALS,500mg,SUSPENSION
Potassium chloride,82350,ELECTROLYTES AND MINERALS,750mg,TAB
Propranolol,82732,EMERGENCY DRUGS,1mg,TAB
Propranolol,82732,EMERGENCY DRUGS,1mg /mL,INJ
Streptokinase,84359,EMERGENCY DRUGS,1.5-million-unit vial,INJ
Diazepam ,74745,EMERGENCY DRUGS,10mg,RECTAL GEL
Diazepam ,74745,EMERGENCY DRUGS,10mg,TAB
Diazepam ,74745,EMERGENCY DRUGS,12.5mg,RECTAL GEL
Diazepam ,74745,EMERGENCY DRUGS,20mg,RECTAL GEL
Propranolol,82732,EMERGENCY DRUGS,20units/mL,INJ
Propranolol,82732,EMERGENCY DRUGS,40mg,TAB
Phenytoin,82023,EMERGENCY DRUGS,50mg,TAB
Diazepam ,74745,EMERGENCY DRUGS,5mg/mL,ORAL SOL
Aspirin ,71617,EMERGENCY DRUGS,75mg,TAB
Junior Asprin,71617,EMERGENCY DRUGS,75mg,TAB
Clopidogrel,73602,EMERGENCY DRUGS,75mg,TAB
Normal Saline,80804,EMERGENCY DRUGS,0.5%,INJ
Normal Saline,80804,EMERGENCY DRUGS,0.9%,INJ
Dextran ,74653,EMERGENCY DRUGS,6%,INJ
Dextran ,74653,EMERGENCY DRUGS,10%,INJ
Dextran ,74653,EMERGENCY DRUGS,70%,INJ
Atropine,71681,EMERGENCY DRUGS,1mg/mL,INJ
Activated Charcoal ,70229,EMERGENCY DRUGS,250mg,TAB
Activated Charcoal ,70229,EMERGENCY DRUGS,260mg,CAP
Salbutamol ,798,EMERGENCY DRUGS,2mg/5mL,SYRUP
Salbutamol ,798,EMERGENCY DRUGS,4mg,TAB
Chlorpheniramine,913,EMERGENCY DRUGS,4mg,TAB
Haemacel ,82284,EMERGENCY DRUGS,500mL,INFUSION
Alteplase,70966,EMERGENCY DRUGS,50mg/50mL,INJ
Metformin,79651,ENDOCRINOLOGY DRUGS,1000mg,TAB
Glibeclamide,77071,ENDOCRINOLOGY DRUGS,5mg,TAB
Ketoconazole,78476,ENZYME INHIBITORS,200mg,TAB
Epoetin beta,75757,EPOETIN DRUGS,0.3mL,INJ
Epoetin alfa,75756,EPOETIN DRUGS,10000units/mL,INJ
Epoetin beta,75757,EPOETIN DRUGS,100mL,INJ
Epoetin beta,75757,EPOETIN DRUGS,120mL,INJ
Epoetin beta,75757,EPOETIN DRUGS,150mL,INJ
Epoetin alfa,75756,EPOETIN DRUGS,20000units/mL,INJ
Epoetin alfa,75756,EPOETIN DRUGS,2000units/mL,INJ
Epoetin beta,75757,EPOETIN DRUGS,200mL,INJ
Epoetin beta,75757,EPOETIN DRUGS,250mL,INJ
Epoetin alfa,75756,EPOETIN DRUGS,3000units/mL,INJ
Epoetin beta,75757,EPOETIN DRUGS,30mL,INJ
Epoetin beta,75757,EPOETIN DRUGS,360mL,INJ
Epoetin alfa,75756,EPOETIN DRUGS,40000units/mL,INJ
Epoetin alfa,75756,EPOETIN DRUGS,4000units/mL,INJ
Epoetin beta,75757,EPOETIN DRUGS,50mL,INJ
Epoetin beta,75757,EPOETIN DRUGS,75mL,INJ
Decof,82836,EXPECTORANTS,100mL,SYRUP
Oral Rehydration salt + zinc sulphate co-pack,351,FLUID AND ELECTROLYTE,200mL + 20mg,SOLUTION
Metochlopramide,79755,GASTROINTESTINAL DRUGS,10mg,TAB
Sucralfate,84394,GASTROINTESTINAL DRUGS,100mg/mL,ORAL
Sucralfate,84394,GASTROINTESTINAL DRUGS,1mg,TAB
Promethazine,82667,GASTROINTESTINAL DRUGS,25mg,TAB
Dextrose ,161250,GLUCOSE-ELEVATING AGENTS; METABOLIC & ENDOCRINE,2.50%,INFUSION
Dextrose ,161250,GLUCOSE-ELEVATING AGENTS; METABOLIC & ENDOCRINE,5%,INFUSION
Dextrose ,161250,GLUCOSE-ELEVATING AGENTS; METABOLIC & ENDOCRINE,10%,INFUSION
Dextrose ,161250,GLUCOSE-ELEVATING AGENTS; METABOLIC & ENDOCRINE,20%,INFUSION
Dextrose ,161250,GLUCOSE-ELEVATING AGENTS; METABOLIC & ENDOCRINE,30%,INFUSION
Dextrose ,161250,GLUCOSE-ELEVATING AGENTS; METABOLIC & ENDOCRINE,50%,INFUSION
Dextrose ,161250,GLUCOSE-ELEVATING AGENTS; METABOLIC & ENDOCRINE,55%,ORAL
Dextrose ,161250,GLUCOSE-ELEVATING AGENTS; METABOLIC & ENDOCRINE,70%,INFUSION
Glucagon,77037,GLYCOGENOLYTIC HORMONES,0.25mg -0.5mg,INJ
Glucagon,77037,GLYCOGENOLYTIC HORMONES,1mg,INJ
Glucagon,77037,GLYCOGENOLYTIC HORMONES,2mg,INJ
Goserelin,77130,GONADOTROPIN-RELEASING HORMONES,10.8mg,INJ
Goserelin,77130,GONADOTROPIN-RELEASING HORMONES,3.6mg,INJ
Clomiphen citrate,73591,GONADOTROPIN-RELEASING HORMONES,50mg,ORAL
Goserelin,77130,HORMONAL THERAPY ANTINEOPLASTICS,10.8mg,IMPLANT
Anastrozole,71244,HORMONAL THERAPY ANTINEOPLASTICS,1mg,TAB
Tamoxifen,84668,HORMONAL THERAPY ANTINEOPLASTICS,20mg,TAB
Prednisolone,82446,HORMONAL THERAPY ANTINEOPLASTICS,20mg/5mL,SYRUP
Goserelin,77130,HORMONAL THERAPY ANTINEOPLASTICS,3.6mg,IMPLANT
Bicalutamide,72164,HORMONAL THERAPY ANTINEOPLASTICS,50mg,TAB
Prednisolone,82446,HORMONAL THERAPY ANTINEOPLASTICS,5mg,TAB
Anti D ,1000433,IMMUNOGLOBULINS,100ui,INJ
Rabies immunoglobulin,162139,IMMUNOGLOBULINS,250units/10mL,INJ
Tetanus immunoglobulin,84878,IMMUNOGLOBULINS,250units/10mL,INJ
Anti-D (Rh0) immunoglobulin,1000433,IMMUNOGLOBULINS,300mcg/mL,INJ
Normal immunoglobulin,77601,IMMUNOGLOBULINS,500mg/100mL,INJ
Hepatitis B immunoglobulin,77426,IMMUNOGLOBULINS,500units,INJ
Etoposide,76025,IMMUNOSUPPRESSANT DRUGS,20mg/mL,INJ
Tacrolimus,84646,IMMUNOSUPPRESSANT DRUGS,0.03%,OINTMENT
Tacrolimus,84646,IMMUNOSUPPRESSANT DRUGS,0.10%,OINTMENT
Salicylic acid and derivatives,83645,IMMUNOSUPPRESSANT DRUGS,3%,CREAM
Salicylic acid and derivatives,83645,IMMUNOSUPPRESSANT DRUGS,5%,CREAM
Salicylic acid and derivatives,83645,IMMUNOSUPPRESSANT DRUGS,10%,CREAM
Salicylic acid and derivatives,83645,IMMUNOSUPPRESSANT DRUGS,20%,CREAM
Dactinomycin,74204,IMMUNOSUPPRESSANT DRUGS,0.5mg,INFUSION
Temozolomide,84778,IMMUNOSUPPRESSANT DRUGS,100mg,CAP
Epirubicin,75749,IMMUNOSUPPRESSANT DRUGS,100mg,INj
Azacitidine,71761,IMMUNOSUPPRESSANT DRUGS,100mg ,INFUSION
Cisplatin,73457,IMMUNOSUPPRESSANT DRUGS,100mg/100mL,INJ
Paclitaxel,81410,IMMUNOSUPPRESSANT DRUGS,100mg/16.7mL,INJ
Oxaliplatin,81286,IMMUNOSUPPRESSANT DRUGS,100mg/50mL,INJ
Daunorubicin,74267,IMMUNOSUPPRESSANT DRUGS,10mg,INJ
Doxorubicin,75216,IMMUNOSUPPRESSANT DRUGS,10mg,INJ
Alendronic acid/Alendronate,70496,IMMUNOSUPPRESSANT DRUGS,10mg,TAB
Vinblastine,86261,IMMUNOSUPPRESSANT DRUGS,10mg/10mL,INJ
Docetaxel,75106,IMMUNOSUPPRESSANT DRUGS,10mg/mL,INJ
Vinorelbine,86270,IMMUNOSUPPRESSANT DRUGS,10mg/mL,INJ
Bleomycin,72263,IMMUNOSUPPRESSANT DRUGS,15units,INFUSION
Docetaxel,75106,IMMUNOSUPPRESSANT DRUGS,160mg/8mL,INJ
Ifosfamide with mesna,104897,IMMUNOSUPPRESSANT DRUGS,1gm,INFUSION
Cyclophosphamide,74120,IMMUNOSUPPRESSANT DRUGS,1gm,PFR
Vincristine,86266,IMMUNOSUPPRESSANT DRUGS,1mg/mL,INJ
Topotecan,85237,IMMUNOSUPPRESSANT DRUGS,2.5mg,INJ
Cyclophosphamide,74120,IMMUNOSUPPRESSANT DRUGS,200mg,PFR
Temozolomide,84778,IMMUNOSUPPRESSANT DRUGS,20mg,CAP
Irinotecan,78214,IMMUNOSUPPRESSANT DRUGS,20mg/mL,INJ
Docetaxel,75106,IMMUNOSUPPRESSANT DRUGS,20mg/mL,INJ
Cyclophosphamide,74120,IMMUNOSUPPRESSANT DRUGS,25mg,TAB
Chlorambucil,73237,IMMUNOSUPPRESSANT DRUGS,2mg,TAB
Melphalan,79534,IMMUNOSUPPRESSANT DRUGS,2mg,TAB
Paclitaxel,81410,IMMUNOSUPPRESSANT DRUGS,30mg/5mL,INJ
Bleomycin,72263,IMMUNOSUPPRESSANT DRUGS,30units,INFUSION
Ifosfamide with mesna,104897,IMMUNOSUPPRESSANT DRUGS,3gm,INFUSION
Carboplatin,72876,IMMUNOSUPPRESSANT DRUGS,450mg/45mL,INJ
Topotecan,85237,IMMUNOSUPPRESSANT DRUGS,4mg,INJ
Zoledronic acid,86719,IMMUNOSUPPRESSANT DRUGS,4mg,PFI
Temozolomide,84778,IMMUNOSUPPRESSANT DRUGS,5mg,CAP
Decitabine,74329,IMMUNOSUPPRESSANT DRUGS,50mg,INFUSION
Cyclophosphamide,74120,IMMUNOSUPPRESSANT DRUGS,500mg,PFR
Daunorubicin,74267,IMMUNOSUPPRESSANT DRUGS,50mg,INJ
Doxorubicin,75216,IMMUNOSUPPRESSANT DRUGS,50mg,INJ
Epirubicin,75749,IMMUNOSUPPRESSANT DRUGS,50mg,INj
Losartan,79074,IMMUNOSUPPRESSANT DRUGS,50mg,TAB
Cyclophosphamide,74120,IMMUNOSUPPRESSANT DRUGS,50mg,TAB
Oxaliplatin,81286,IMMUNOSUPPRESSANT DRUGS,50mg/25mL,INJ
Liposomal doxorubicin,78897,IMMUNOSUPPRESSANT DRUGS,50mg/25mL,INJ
Cisplatin,73457,IMMUNOSUPPRESSANT DRUGS,50mg/50mL,INJ
Vinorelbine,86270,IMMUNOSUPPRESSANT DRUGS,50mg/5mL,INJ
Alendronic acid/Alendronate,70496,IMMUNOSUPPRESSANT DRUGS,5mg/mL,INJ
Docetaxel,75106,IMMUNOSUPPRESSANT DRUGS,80mg/4mL,INJ
Imiquimod,77956,IMMUNOSUPPRESSANT DRUGS,50mg/g,CREAM
Cyclosporine,71767,IMMUNOSUPPRESSANT DRUGS,100mg/mL,ORAL SOL
Folinic acid /Leucovorin calcium,78742,IMMUNOSUPPRESSANT DRUGS,15mg,TAB
Mesna,79620,IMMUNOSUPPRESSANT DRUGS,200mg/2mL,INJ
Cyclosporine,71767,IMMUNOSUPPRESSANT DRUGS,25mg,CAP
Folinic acid /Leucovorin calcium,78742,IMMUNOSUPPRESSANT DRUGS,50mg/5mL,INJ
Antithymocyte Immunoglobulin (Equine),79159,IMMUNOSUPPRESSANT DRUGS,50mg/mL,INJ
Cyclosporine,71767,IMMUNOSUPPRESSANT DRUGS,50mg,CAP
Cyclosporine,71767,IMMUNOSUPPRESSANT DRUGS,50mg,INJ
Azathioprine,71767,IMMUNOSUPPRESSANT DRUGS,50mg,TAB
Dacarbazine,74196,IMMUNOSUPPRESSANT DRUGS,100mg,INFUSION
Dacarbazine,74196,IMMUNOSUPPRESSANT DRUGS,200mg,INFUSION
Busulfan,72529,IMMUNOSUPPRESSANT DRUGS,2mg,TAB
L-Asparaginase,71602,IMMUNOTHERAPY ANTINEOPLASTICS,10000units,PFI
Thalidomide,84915,IMMUNOTHERAPY ANTINEOPLASTICS,100mg,CAP
Imatinib,77941,IMMUNOTHERAPY ANTINEOPLASTICS,100mg,TAB
Dasatinib,74266,IMMUNOTHERAPY ANTINEOPLASTICS,100mg,TAB
Lenalidomide,78723,IMMUNOTHERAPY ANTINEOPLASTICS,10mg,CAP
All-Trans Retinoic Acid/Tretinoin,85330,IMMUNOTHERAPY ANTINEOPLASTICS,10mg,CAP
Rituximab,83416,IMMUNOTHERAPY ANTINEOPLASTICS,10mg/mL,INJ
Dasatinib,74266,IMMUNOTHERAPY ANTINEOPLASTICS,140mg,TAB
Nilotinib,154370,IMMUNOTHERAPY ANTINEOPLASTICS,150mg,CAP
Trastuzumab,85300,IMMUNOTHERAPY ANTINEOPLASTICS,150mg,PFI
Lenalidomide,78723,IMMUNOTHERAPY ANTINEOPLASTICS,15mg,CAP
Nilotinib,154370,IMMUNOTHERAPY ANTINEOPLASTICS,200mg,CAP
Sorafenib,84174,IMMUNOTHERAPY ANTINEOPLASTICS,200mg,TAB
Dasatinib,74266,IMMUNOTHERAPY ANTINEOPLASTICS,20mg,TAB
Lenalidomide,78723,IMMUNOTHERAPY ANTINEOPLASTICS,25mg,CAP
Bevacizumab,72155,IMMUNOTHERAPY ANTINEOPLASTICS,25mg/mL,INJ
Bortezomib,72298,IMMUNOTHERAPY ANTINEOPLASTICS,3.5mg,PFI
Imatinib,77941,IMMUNOTHERAPY ANTINEOPLASTICS,400mg,TAB
Trastuzumab,85300,IMMUNOTHERAPY ANTINEOPLASTICS,420mg,PFI
Thalidomide,84915,IMMUNOTHERAPY ANTINEOPLASTICS,50mg,CAP
Bacillus Calmette-GuÃ©rin Live Vaccine (Tice BCG),71905,IMMUNOTHERAPY ANTINEOPLASTICS,50mg,PFI
Dasatinib,74266,IMMUNOTHERAPY ANTINEOPLASTICS,50mg,TAB
Lenalidomide,78723,IMMUNOTHERAPY ANTINEOPLASTICS,5mg,CAP
Dasatinib,74266,IMMUNOTHERAPY ANTINEOPLASTICS,80mg,TAB
Deferasirox,74372,IRON CHELATORS,100mg,TAB
Deferasirox,74372,IRON CHELATORS,400mg,TAB
Deferiprone,74373,IRON CHELATORS,500mg,TAB
Deferoxamine,74374,IRON CHELATORS,500mg/vial,INJ
Deferoxamine,74374,IRON CHELATORS,2mg/vial,INJ
Saferon ,104677,IRON CHELATORS,200mL,SYRUP
Water For INJECTION,86426,IRRIGANT,10mL vial,INJ
Lactulose ,78632,LAXATIVE,100mL,SOLUTION
Bisacodyl ,72223,LAXATIVE,10mg,TAB
Micronema,83054,LAXATIVE,10mL,SOLUTION
Enemax ,84090,LAXATIVE,120mL,SOLUTION
Lidquid paraffin,81568,LAXATIVE,30mL,ORAL
Metyl cellulose,79792,LAXATIVE,500mg,TAB
Bisacodyl ,72223,LAXATIVE,5mg,TAB
Dulcolax,72223,LAXATIVE,5mg,TAB
Rosuvastatin,83528,LIPID LOWERING AGENTS,10mg,CAP
Atorvastatin ,71665,LIPID LOWERING AGENTS,10mg,TAB
Rosuvastatin,83528,LIPID LOWERING AGENTS,10mg,TAB
Rosuvastatin,83528,LIPID LOWERING AGENTS,10mg,TAB
Rosuvastatin,83528,LIPID LOWERING AGENTS,20mg,TAB
Atorvastatin ,71665,LIPID LOWERING AGENTS,20mg,TAB
Rosuvastatin,83528,LIPID LOWERING AGENTS,40mg,CAP
Atorvastatin ,71665,LIPID LOWERING AGENTS,40mg,TAB
Rosuvastatin,83528,LIPID LOWERING AGENTS,40mg,TAB
Rosuvastatin,83528,LIPID LOWERING AGENTS,5mg,CAP
Rosuvastatin,83528,LIPID LOWERING AGENTS,5mg,TAB
Colestyramine (Cholestyramine),73357,LIPID LOWERING AGENTS,4g,ORAL SUSPENSION
Ivymoicell Hydroxypropyl Cellulose,77792,LUBRICANTS,10mL,DROPS
KY Jelly SOLUTION,162138,LUBRICANTS,75mL,SOLUTION
Myolgin,81206,MUSCLE RELAXANTS,500mg,CAP
Myolgin,81206,MUSCLE RELAXANTS,750mg,CAP
Glycopyrrolate,77083,MUSCLE RELAXANTS,0.2mg/mL,INJ
Dantrolene,74245,MUSCLE RELAXANTS,100mg,CAP
Baclofen,71815,MUSCLE RELAXANTS,10mg,TAB
Atracurium,71670,MUSCLE RELAXANTS,10mg/mL,INJ
Cisatracurium,73455,MUSCLE RELAXANTS,10mg/mL,INJ
Rocuronium,83476,MUSCLE RELAXANTS,10mg/mL,INJ
Neostigmine ,80534,MUSCLE RELAXANTS,2.5mg/mL,INJ
Hydralazine,77675,MUSCLE RELAXANTS,20mg/mL,INJ
Dantrolene,74245,MUSCLE RELAXANTS,250mg/vial,INJ
Dantrolene,74245,MUSCLE RELAXANTS,25mg,CAP
Pancuronium bromide,81502,MUSCLE RELAXANTS,2mg/mL,INJ
Ventolin,798,MUSCLE RELAXANTS,4mg,TAB
Dantrolene,74245,MUSCLE RELAXANTS,50mg,CAP
Baclofen,71815,MUSCLE RELAXANTS,5mg,TAB
Pancuronium ,81501,MUSCLE RELAXANTS,2mg/mL,INJ
Rubem Gel,83925,MUSCLE RELAXANTS,30mg,GEL
Normal Saline Nosal Drops,80804,NASAL DECONGESTANTS,0.65%,NASAL SPRAY
Xylometazoline[Otrivin],86545,NASAL DECONGESTANTS,0.1%W/V,DROPS
Par/Cod/Caf/Dox,75223,NON-OPIOIDS ANALGESICS AND ANTI INFLAMMATORY DRUGS,60mg,TAB
Zulu Mr(Aceclofenac+Pcm+Chlorzoxazone),103232,NON-STEROIDAL ANTI-INFLAMMATORY ,100mg+500mg+500mg,TAB
Zulu(Aceclofenac+Pcm),103232,NON-STEROIDAL ANTI-INFLAMMATORY ,100mg+500mg,TAB
Mefanamic Acid,79501,NON-STEROIDAL ANTI-INFLAMMATORY ,250mg,CAP
Par/Chlormexanone /Diclofenac (Flamchek),73277,NON-STEROIDAL ANTI-INFLAMMATORY ,50mg,TAB
Maloxicam,79532,NON-STEROIDAL ANTI-INFLAMMATORY ,7.5mg,TAB
Lornoxicam,79063,NON-STEROIDAL ANTI-INFLAMMATORY ,8mg,TAB
Hypromellose,77850,OCULAR LUBRICANTS,2%,INJ
Hydroxyethylcellulose,77790,OCULAR LUBRICANTS,0.60%,SOLUTION
Acetylcysteine,70148,OCULAR LUBRICANTS,20%,SOLUTION
Hypromellose with dextran 70,104442,OCULAR LUBRICANTS,0.03%w/v,DROPS
Sodium hyaluronate eye drop,84063,OCULAR LUBRICANTS,100mL,DROPS
Artificial Tears,1000435,OPHTHALMIC LUBRICANTS AND IRRIGANTS,1%,SOLUTION
Methylcellulose Eye Drops,79720,OPHTHALMIC LUBRICANTS AND IRRIGANTS,2%,DROPS
Betaxolol eye drop,72139,OPHTHALMIC LUBRICANTS AND IRRIGANTS,0.005,DROPS
Lubricating gel,162138,OPHTHALMIC LUBRICANTS AND IRRIGANTS,5g,GEL
Tears Naturalle,80384,OPHTHALMIC LUBRICANTS AND IRRIGANTS,700.1%/0.3%,SOLUTION
Sodium Cromoglycate,74046,OPTHALMOLOGICAL PREPARATIONS,2%,INJ
Latanoprost Eye Drops,78677,OPTHALMOLOGICAL PREPARATIONS,50mcg,SOLUTION
Probeta N Eye/Ear,72123,OPTHALMOLOGICAL PREPARATIONS,0.1/0.5w/V,DROPS
Timolol maleate eye drop,85134,OPTHALMOLOGICAL PREPARATIONS,0.0025,SOLUTION
Timolol maleate eye drop,85134,OPTHALMOLOGICAL PREPARATIONS,0.005,SOLUTION
Tetracaine eye drop,84888,OPTHALMOLOGICAL PREPARATIONS,0.005,SOLUTION
Tropicamide 1% mydricyl eye drops,85597,OPTHALMOLOGICAL PREPARATIONS,15mL,DROPS
Lodoxamide,78994,OPTHALMOLOGICAL PREPARATIONS,1mg/mL,SOLUTION
Tropicamide 1% mydricyl eye drops,85597,OPTHALMOLOGICAL PREPARATIONS,30mL,DROPS
Pilocarpine eye drop,82082,OPTHALMOLOGICAL PREPARATIONS,1.0%w/v,DROPS
Fluorescein sodium eye drop,84058,OPTHALMOLOGICAL PREPARATIONS,2%,SOLUTION
Chloramphenicol eye drop,73239,OPTHALMOLOGICAL PREPARATIONS,0.5%w/v,SOLUTION
Dexamethasone/ Gentamycin Eye Drops,74609,OPTHALMOLOGICAL PREPARATIONS,1mL,SOLUTION
Nedocromil sodium,80477,OPTHALMOLOGICAL PREPARATIONS,20mg/mL,SOLUTION
Letrozole,78738,OVULATION STIMULANTS,2.5mg,TAB
Clomifene (Clomiphene),73590,OVULATION STIMULANTS,50mg,TAB
Ergometrine,75801,OXYTOXICS ANTI-OXYTOCICS,0.05%w/v,INJ
Prostin E2 Â® vaginal CREAM,74975,OXYTOXICS ANTI-OXYTOCICS,1.5mg,CREAM
Bethanechol chloride,72141,OXYTOXICS ANTI-OXYTOCICS,10mg,TAB
Oxytocin,81369,OXYTOXICS ANTI-OXYTOCICS,10units/mL,INJ
Dinoprostone,74975,OXYTOXICS ANTI-OXYTOCICS,1mg,PESSARY
Misoprostol,79984,OXYTOXICS ANTI-OXYTOCICS,200mcg,TAB
Mifepristone,79872,OXYTOXICS ANTI-OXYTOCICS,200mg,TAB
Prostin E2 Â® vaginal ,74975,OXYTOXICS ANTI-OXYTOCICS,20mg,TAB
Dinoprostone,74975,OXYTOXICS ANTI-OXYTOCICS,2mg,PESSARY
Maxim,103615,OXYTOXICS ANTI-OXYTOCICS,400mg,TAB
Finasteride,76376,OXYTOXICS ANTI-OXYTOCICS,5mg,TAB
Oxytocin,81369,OXYTOXICS ANTI-OXYTOCICS,5units/mL,INJ
Sildenafil,83902,PHOSPHODIESTERASE TYPE-5 INHIBITORS,100mg,TAB
Sildenafil,83902,PHOSPHODIESTERASE TYPE-5 INHIBITORS,50mg,TAB
Evonorgestrel,76022,PROGESTOGENS,1.5mg,TAB
Progesterone,82624,PROGESTOGENS,100mg,CAP
Medroxyprogesterone acetate,907,PROGESTOGENS,150mg,PFR
Medroxyprogesterone acetate,907,PROGESTOGENS,2.5mg,TAB
Progesterone,82624,PROGESTOGENS,200mg,CAP
Etonogestrel,76022,PROGESTOGENS,68mg,IMPLANT
LEVONORGESTREL,78796,PROGESTOGENS,750mcg,TAB
Desogestrel,74560,PROGESTOGENS,75mcg,TAB
Lorazepam,79054,PSYCHOTHERAPEUTIC DRUGS,0.5mg,TAB
Lorazepam,79054,PSYCHOTHERAPEUTIC DRUGS,1mg,TAB
Atomoxetine,71661,PSYCHOTHERAPEUTIC DRUGS,100mg,CAP
Methylphenidate,79739,PSYCHOTHERAPEUTIC DRUGS,100mg,CAP
Valproic acid,86052,PSYCHOTHERAPEUTIC DRUGS,100mg/mL,INJ
Chlordiazepoxide hydrochloride,73253,PSYCHOTHERAPEUTIC DRUGS,10mg,CAP
Olanzapine ,81025,PSYCHOTHERAPEUTIC DRUGS,10mg,TAB
Donepezil hydrochloride,75169,PSYCHOTHERAPEUTIC DRUGS,10mg,TAB
Methylphenidate,79739,PSYCHOTHERAPEUTIC DRUGS,10mg,TAB
Atomoxetine,71661,PSYCHOTHERAPEUTIC DRUGS,10mg ,CAP
Methylphenidate,79739,PSYCHOTHERAPEUTIC DRUGS,10mg/5mL,ORAL SOL
Valproic acid,86052,PSYCHOTHERAPEUTIC DRUGS,125mg,TAB
Atomoxetine,71661,PSYCHOTHERAPEUTIC DRUGS,18mg,CAP
Methylphenidate,79739,PSYCHOTHERAPEUTIC DRUGS,2.5mg,TAB
Methylphenidate,79739,PSYCHOTHERAPEUTIC DRUGS,20mg,CAP
Methylphenidate,79739,PSYCHOTHERAPEUTIC DRUGS,20mg,TAB
Donepezil hydrochloride,75169,PSYCHOTHERAPEUTIC DRUGS,23mg,TAB
Chlordiazepoxide hydrochloride,73253,PSYCHOTHERAPEUTIC DRUGS,25mg,CAP
Atomoxetine,71661,PSYCHOTHERAPEUTIC DRUGS,25mg,CAP
Valproic acid,86052,PSYCHOTHERAPEUTIC DRUGS,250mg,TAB
Valproic acid,86052,PSYCHOTHERAPEUTIC DRUGS,250mg/5mL,SYRUP
Lorazepam,79054,PSYCHOTHERAPEUTIC DRUGS,2mg,TAB
Lorazepam,79054,PSYCHOTHERAPEUTIC DRUGS,4mg/mL,INJ
Methylphenidate,79739,PSYCHOTHERAPEUTIC DRUGS,40mg,CAP
Atomoxetine,71661,PSYCHOTHERAPEUTIC DRUGS,40mg,CAP
Chlordiazepoxide hydrochloride,73253,PSYCHOTHERAPEUTIC DRUGS,5mg,CAP
Donepezil hydrochloride,75169,PSYCHOTHERAPEUTIC DRUGS,5mg,TAB
Methylphenidate,79739,PSYCHOTHERAPEUTIC DRUGS,5mg ,TAB
Methylphenidate,79739,PSYCHOTHERAPEUTIC DRUGS,5mg/5mL,ORAL SOL
Valproic acid,86052,PSYCHOTHERAPEUTIC DRUGS,500mg,TAB
Olanzapine ,81025,PSYCHOTHERAPEUTIC DRUGS,5mg,TAB
Atomoxetine,71661,PSYCHOTHERAPEUTIC DRUGS,60mg,CAP
Methylphenidate,79739,PSYCHOTHERAPEUTIC DRUGS,60mg,CAP
Atomoxetine,71661,PSYCHOTHERAPEUTIC DRUGS,80mg,CAP
Methylphenidate,79739,PSYCHOTHERAPEUTIC DRUGS,80mg,CAP
Flupentixol decanoate,76556,PSYCHOTHERAPEUTIC DRUGS,20mg/mL,INJ
Fluphenazine Decanoate,76556,PSYCHOTHERAPEUTIC DRUGS,25mg,INJ
Chlorpromazine hydrochloride,73331,PSYCHOTHERAPEUTIC DRUGS,25mg/mL,INJ
Xylocaine local spray,78849,RESPIRATORY TRACT DRUGS,0.1mg/mL,NASAL SPRAY
Caffeine Citrate ,72610,RESPIRATORY TRACT DRUGS,10mg/mL,INJ
Salbutamol (Albuterol),798,RESPIRATORY TRACT DRUGS,200mcg/puff,INHALATION
Throat Lozenges ,103241,RESPIRATORY TRACT DRUGS,500mg,TAB
Aminophylline,71101,RESPIRATORY TRACT DRUGS,25mg,TAB
Mometasone,80049,RESPIRATORY TRACT DRUGS,50mcg,NASAL SPRAY
Budesonide,72484,RESPIRATORY TRACT DRUGS,90mcg,INHALATION
Alitretinoin,70536,RETINOID AND RELATED DRUGS,10mg,TAB
Alitretinoin,70536,RETINOID AND RELATED DRUGS,30mg,TAB
Adapalene,70260,RETINOID AND RELATED DRUGS,0%,CREAM
Kleen Enema,162357,SALINE LAXATIVES,7.2gm/120mL,ENEMA
Sennalax ,83809,SENNOSIDES,25mg,TAB
Sennalax ,83809,SENNOSIDES,7.5mg,TAB
Sennalax ,83809,SENNOSIDES,8.6mg,TAB
Glucose (Dextrose Monohydrate),77054,SUGARS,25%,SOLUTION
Eltoxin,85080,THYROID DRUGS,100mcg,TAB
Levothyroxine sodium,78809,THYROID HORMONES,25mcg,TAB
Haemaccel ,82284,THYROID HORMONES,500mL vial,SOLUTION
Levothyroxine sodium,78809,THYROID HORMONES,50mcg,TAB
Anti Rabies ,413,VACCINES,200,INJ
Inactivated polio Vaccine,82243,VACCINES,0.1mL,INJ
Typhoid vaccine,86022,VACCINES,0.5mL,INJ
Inactivated polio Vaccine,82243,VACCINES,0.5mL,INJ
Tetnus INJECTION,84879,VACCINES,0.5units/mL,INJ
Tetnus INJECTION,84879,VACCINES,10units/mL,INJ
Hepatitis B Vaccine,77429,VACCINES,20mcg,INJ
Tetnus INJECTION,84879,VACCINES,8UNT/mL,INJ
Bacille Camille -Guerin ,71902,VACCINES,0.1mL,INJ
Measles/ mumps and rubella vaccine/ live,159701,VACCINES,0.5mL,INJ
Yellow fever vaccine,86556,VACCINES,0.5mL,INJ
Rotavirus vaccine,83533,VACCINES,1mL,ORAL
Anti Rabies,413,VACCINES,1mL,INJ
Rabies vaccine,83050,VACCINES,2.5iu/mL,INJ
Desmopressin,74558,VASOPRESSIN AND ANALOGUES,0.1mg,TAB
Desmopressin,74558,VASOPRESSIN AND ANALOGUES,4mcg/mL,INJ
Desmopressin,74558,VASOPRESSIN AND ANALOGUES,4mcg/mL,INJ
Desmopressin,74558,VASOPRESSIN AND ANALOGUES,4mcg/mL,TAB
Vitamin B12 ,86340,VITAMINS AND MINERALS (SUPPLIMENTS),100mcg,TAB
Multivitamin,461,VITAMINS AND MINERALS (SUPPLIMENTS),10mL,ORAL SOL
Multi Vitamins 1,86353,VITAMINS AND MINERALS (SUPPLIMENTS),1mL,ORAL SOL
Vitamin A (Retinol),86339,VITAMINS AND MINERALS (SUPPLIMENTS),200000units,CAP
ZEEFEE,104682,VITAMINS AND MINERALS (SUPPLIMENTS),200mL,ORAL SOL
Vitamin B12 ,86340,VITAMINS AND MINERALS (SUPPLIMENTS),250mcg,TAB
Multi Vitamins 1,86353,VITAMINS AND MINERALS (SUPPLIMENTS),2mL,ORAL SOL
calcium lactate,72686,VITAMINS AND MINERALS (SUPPLIMENTS),300mg,TAB
Vitamin A (Retinol),86339,VITAMINS AND MINERALS (SUPPLIMENTS),50000units,CAP
Vitamin B12 ,86340,VITAMINS AND MINERALS (SUPPLIMENTS),500mcg,TAB
Pyridoxine,82912,VITAMINS AND MINERALS (SUPPLIMENTS),50mg,TAB
Neorobione Forte,86341,VITAMINS AND MINERALS (SUPPLIMENTS),50mg,TAB
Iron dextran,78230,VITAMINS AND MINERALS (SUPPLIMENTS),50mg/mL,SOLUTION
Multi vitamins syrup 1,86353,VITAMINS AND MINERALS (SUPPLIMENTS),5mL,SYRUP
Vitamin D3 ,86345,VITAMINS AND MINERALS (SUPPLIMENTS),1.25mg,CAP
Dihydroxycholecalciferol,74889,VITAMINS AND MINERALS (SUPPLIMENTS),1.25mg,CAP
Phytomenadione (Vitamin K1),86352,VITAMINS AND MINERALS (SUPPLIMENTS),100mcg,TAB
Pyridoxine hydrochloride (Vitamin B6),82913,VITAMINS AND MINERALS (SUPPLIMENTS),100mg,TAB
Thiamine (Vitamin B1),84995,VITAMINS AND MINERALS (SUPPLIMENTS),100mg,ORAL
Pyridoxine hydrochloride (Vitamin B6),82913,VITAMINS AND MINERALS (SUPPLIMENTS),100mg/mL,INJ
Thiamine (Vitamin B1),84995,VITAMINS AND MINERALS (SUPPLIMENTS),100mg/mL,INJ
Colecalciferol (Cholecalciferol; Vitamin D3),73350,VITAMINS AND MINERALS (SUPPLIMENTS),10mcg,CAP
Vitamin D3 ,86345,VITAMINS AND MINERALS (SUPPLIMENTS),10mcg,TAB
Dihydroxycholecalciferol,74889,VITAMINS AND MINERALS (SUPPLIMENTS),10mcg,TAB
Phytomenadione (Vitamin K1),86352,VITAMINS AND MINERALS (SUPPLIMENTS),10mg/mL,INJ
Calcitriol (1/25-Dihydroxycholecalciferol),72649,VITAMINS AND MINERALS (SUPPLIMENTS),15mL,SOLUTION
Vitamin B complex,86341,VITAMINS AND MINERALS (SUPPLIMENTS),1mg,TAB
Vitamin D3 ,86345,VITAMINS AND MINERALS (SUPPLIMENTS),200mcg/mL,ORAL SOLUTION
Ferrous Sulphate ,773,VITAMINS AND MINERALS (SUPPLIMENTS),200mg,TAB
Calcium ,72650,VITAMINS AND MINERALS (SUPPLIMENTS),200mg/mL,SYRUP
Haematinic Syrup,76613,VITAMINS AND MINERALS (SUPPLIMENTS),200mL,SYRUP
Pyridoxine hydrochloride (Vitamin B6),82913,VITAMINS AND MINERALS (SUPPLIMENTS),25mg,TAB
Phytomenadione (Vitamin K1),86352,VITAMINS AND MINERALS (SUPPLIMENTS),2mg/mL,INJ
Ferrous/Folic ,773,VITAMINS AND MINERALS (SUPPLIMENTS),324mg,TAB
Ascorbic acid (Vitamin C),71589,VITAMINS AND MINERALS (SUPPLIMENTS),500mg,CAP
Bg- Glutamin ,77063,VITAMINS AND MINERALS (SUPPLIMENTS),500mg,TAB
Bg- Glutamin ,77063,VITAMINS AND MINERALS (SUPPLIMENTS),500mg,CAP
Thiamine (Vitamin B1),84995,VITAMINS AND MINERALS (SUPPLIMENTS),500mg,ORAL
Vitamin D3 ,86345,VITAMINS AND MINERALS (SUPPLIMENTS),50mcg,TAB
Dihydroxycholecalciferol,74889,VITAMINS AND MINERALS (SUPPLIMENTS),50mcg,TAB
Pyridoxine hydrochloride (Vitamin B6),82913,VITAMINS AND MINERALS (SUPPLIMENTS),50mg,CAP
Pyridoxine hydrochloride (Vitamin B6),82913,VITAMINS AND MINERALS (SUPPLIMENTS),50mg,TAB
Thiamine (Vitamin B1),84995,VITAMINS AND MINERALS (SUPPLIMENTS),50mg,ORAL
Phytomenadione (Vitamin K1),86352,VITAMINS AND MINERALS (SUPPLIMENTS),5mg,TAB
Phenytomenadione ,82024,VITAMINS AND MINERALS (SUPPLIMENTS),100mcg,TAB
Phenytomenadione ,82024,VITAMINS AND MINERALS (SUPPLIMENTS),10mg/mL,INJ
Paediatric Phytomenadione ,82074,VITAMINS AND MINERALS (SUPPLIMENTS),2mg/mL,INJ
Phenytomenadione ,82024,VITAMINS AND MINERALS (SUPPLIMENTS),5mg,TAB
Calcium+Vit.D ,104013,VITAMINS AND MINERALS (SUPPLIMENTS),200mg-6.25mcg,TAB
Osteocare,72650,VITAMINS AND MINERALS (SUPPLIMENTS),50mg,TAB
Calcium+Vit.D ,104013,VITAMINS AND MINERALS (SUPPLIMENTS),600mg-5mcg,CAP
Allopurinol,70878,XANTHINE OXIDASE INHIBITORS,100mg,TAB
Pyridostigmine,82908,XANTHINE OXIDASE INHIBITORS,180mg,TAB
Allopurinol,70878,XANTHINE OXIDASE INHIBITORS,300mg,TAB
Pyridostigmine,82908,XANTHINE OXIDASE INHIBITORS,50mg/mL,TAB